,host,codon,r,p,q,sig,codon type
0,Avian,GAC,0.6186750755346895,0.0,0.0,True,G/C-rich
1,Avian,CCG,0.5870665854036049,0.0,0.0,True,G/C-rich
2,Avian,GGA,0.5527145287809706,0.0,0.0,True,G/C-rich
3,Avian,CGG,0.5388575702322135,0.0,0.0,True,G/C-rich
4,Avian,CCA,0.5248124555261876,0.0,0.0,True,G/C-rich
5,Avian,CAC,0.5172943324707494,0.0,0.0,True,G/C-rich
6,Avian,GAG,0.5081374809982239,0.0,0.0,True,G/C-rich
7,Avian,GCG,0.5050812911162679,0.0,0.0,True,G/C-rich
8,Avian,CGT,0.44779337702842553,0.0,0.0,True,G/C-rich
9,Avian,AGG,0.446650449810586,0.0,0.0,True,G/C-rich
10,Avian,AGT,0.42813073337859087,0.0,0.0,True,A/T-rich
11,Avian,GGG,0.3999434297428796,0.0,0.0,True,G/C-rich
12,Avian,AGC,0.3966046049313756,0.0,0.0,True,G/C-rich
13,Avian,TCG,0.39601571926251317,0.0,0.0,True,G/C-rich
14,Avian,ACG,0.3893199790703211,0.0,0.0,True,G/C-rich
15,Avian,CGC,0.37160170901024364,0.0,0.0,True,G/C-rich
16,Avian,CGA,0.3607641555517354,0.0,0.0,True,G/C-rich
17,Avian,CTG,0.3227670904007775,0.0,0.0,True,G/C-rich
18,Avian,TAC,0.31869481426146146,0.0,0.0,True,A/T-rich
19,Avian,GAA,0.2516511314818394,0.0,0.0,True,A/T-rich
20,Avian,CCT,0.24722070965707213,0.0,0.0,True,G/C-rich
21,Avian,GCT,0.2465757097909089,0.0,0.0,True,G/C-rich
22,Avian,GGC,0.21744996959780186,0.0,0.0,True,G/C-rich
23,Avian,AAG,0.1887374962260767,2.5591341800900907e-307,4.87061021371985e-307,True,A/T-rich
24,Avian,GTC,0.17900716152996213,3.679129969667481e-276,6.577838430617618e-276,True,G/C-rich
25,Avian,CCC,0.17462707698154772,1.042905588516506e-262,1.8097479330139367e-262,True,G/C-rich
26,Avian,TCC,0.14253757324466473,7.893995161514403e-175,1.2937380959148605e-174,True,G/C-rich
27,Avian,GCA,0.13079743992382617,2.6655785547827814e-147,4.138661440320634e-147,True,G/C-rich
28,Avian,TCT,0.12643857285815086,1.0594323754712221e-137,1.6027310295590282e-137,True,A/T-rich
29,Avian,TGC,0.12538055504990428,2.0163427064477313e-135,2.974105492010404e-135,True,G/C-rich
30,Avian,AGA,0.11755891850926614,3.5163092285346365e-119,5.060054743501062e-119,True,A/T-rich
31,Avian,ATC,0.11467026841366199,1.8765140758680396e-113,2.6360554875289123e-113,True,A/T-rich
32,Avian,CAG,0.10797040923595161,9.92519620335312e-101,1.361829246506591e-100,True,G/C-rich
33,Avian,CTC,0.10636648980481854,8.449218552419541e-98,1.1329633968017111e-97,True,G/C-rich
34,Avian,AAC,0.058949594547787025,3.7149935359858966e-31,4.473155482105467e-31,True,A/T-rich
35,Avian,ACA,0.05801818189696502,3.1317061980838537e-30,3.695413313738947e-30,True,A/T-rich
36,Avian,GTG,0.05191907734096123,1.5745939558695404e-24,1.8215890862020174e-24,True,G/C-rich
37,Avian,GTT,0.04342270652318248,1.2548604271464265e-17,1.3969200981441353e-17,True,A/T-rich
38,Avian,TTC,0.03888109187256438,1.9628480427736677e-14,2.1445932319193778e-14,True,A/T-rich
39,Avian,GGT,0.03794572945089472,8.093238012910516e-14,8.681837141122189e-14,True,G/C-rich
40,Avian,TGT,0.019493238206126834,0.0001251539047814868,0.00013185857825192358,True,A/T-rich
41,Avian,TCA,0.019050982616275632,0.00017770875914408662,0.0001839441542017739,True,A/T-rich
42,Avian,CTA,0.017682448444382635,0.000502489625012488,0.0005111532392368413,True,A/T-rich
43,Avian,ACC,-0.012279137231200455,0.015687623391499286,0.015687623391499286,True,G/C-rich
44,Avian,GTA,-0.04571140403976177,2.282737393357452e-19,2.590028965540186e-19,True,A/T-rich
45,Avian,CAT,-0.07099139493964443,1.905008037386639e-44,2.341572379287744e-44,True,A/T-rich
46,Avian,ATA,-0.0769143163643363,6.923940789230091e-52,8.691755458820752e-52,True,A/T-rich
47,Avian,TTG,-0.08460056161147232,1.9691557524974366e-62,2.525656291246712e-62,True,A/T-rich
48,Avian,CAA,-0.09440756860222192,2.3402634577444687e-77,3.0683454223760812e-77,True,A/T-rich
49,Avian,ATT,-0.14025115099860241,2.8230100372118266e-169,4.501556545824264e-169,True,A/T-rich
50,Avian,TTT,-0.14282089160305725,1.5946273883016918e-175,2.688086168851423e-175,True,A/T-rich
51,Avian,AAT,-0.1850806756026706,2.1104506841761072e-295,3.8911434489496978e-295,True,A/T-rich
52,Avian,TTA,-0.22259462669978533,0.0,0.0,True,A/T-rich
53,Avian,ACT,-0.2255484500786564,0.0,0.0,True,A/T-rich
54,Avian,CTT,-0.228405176570308,0.0,0.0,True,A/T-rich
55,Avian,TAT,-0.27892967906646127,0.0,0.0,True,A/T-rich
56,Avian,GCC,-0.28984836410625175,0.0,0.0,True,G/C-rich
57,Avian,GAT,-0.3292971641122236,0.0,0.0,True,A/T-rich
58,Avian,AAA,-0.37359886439789214,0.0,0.0,True,A/T-rich
59,Avian,ATG,,,,False,A/T-rich
60,Avian,TGG,,,,False,G/C-rich
61,Human,TTG,0.6464132424409214,0.0,0.0,True,A/T-rich
62,Human,CTC,0.600132801269575,0.0,0.0,True,G/C-rich
63,Human,ATC,0.5896861693219966,0.0,0.0,True,A/T-rich
64,Human,CAA,0.5059390510124215,0.0,0.0,True,A/T-rich
65,Human,GCC,0.4951731141976843,0.0,0.0,True,G/C-rich
66,Human,GGT,0.46498620356063736,0.0,0.0,True,G/C-rich
67,Human,CTA,0.45718572718347816,0.0,0.0,True,A/T-rich
68,Human,CCA,0.44276963006778847,0.0,0.0,True,G/C-rich
69,Human,TTT,0.3613467255919055,0.0,0.0,True,A/T-rich
70,Human,TTA,0.3502496335381308,0.0,0.0,True,A/T-rich
71,Human,AAA,0.3318396488991095,0.0,0.0,True,A/T-rich
72,Human,AAG,0.3317283098294553,0.0,0.0,True,A/T-rich
73,Human,CAT,0.2926423715888398,0.0,0.0,True,A/T-rich
74,Human,TGT,0.29252746784093475,0.0,0.0,True,A/T-rich
75,Human,AAC,0.2660985402814608,0.0,0.0,True,A/T-rich
76,Human,ACA,0.26336263368842616,0.0,0.0,True,A/T-rich
77,Human,GTT,0.253306008028266,0.0,0.0,True,A/T-rich
78,Human,ACT,0.19573570653029637,0.0,0.0,True,A/T-rich
79,Human,GTG,0.1546032663813532,0.0,0.0,True,G/C-rich
80,Human,TCC,0.1511934058933253,0.0,0.0,True,G/C-rich
81,Human,CTG,0.11711360679757576,0.0,0.0,True,G/C-rich
82,Human,TGC,0.11671332221806457,0.0,0.0,True,G/C-rich
83,Human,GAG,0.0982112923753781,4.2902601213452893e-241,5.7528487990766374e-241,True,G/C-rich
84,Human,AAT,0.08910360914459674,1.178703062870951e-198,1.479648525731619e-198,True,A/T-rich
85,Human,GGC,0.07697021186877713,1.3113302197677449e-148,1.6118433951311864e-148,True,G/C-rich
86,Human,TAT,0.07057288303011508,3.414688323630779e-125,4.111563491718693e-125,True,A/T-rich
87,Human,AGA,0.06965790087242534,5.19083186642788e-122,6.125181602384898e-122,True,A/T-rich
88,Human,CGG,0.046023565504941494,3.0038642202959085e-54,3.4082305576434345e-54,True,G/C-rich
89,Human,AGT,0.035845679949559964,1.3983966375544591e-33,1.5567056908625112e-33,True,A/T-rich
90,Human,TAC,0.02593449727946789,2.4071636840842274e-18,2.5822301338358077e-18,True,A/T-rich
91,Human,CAC,-0.0020001718590984627,0.5005203723226354,0.5005203723226354,False,G/C-rich
92,Human,TCG,-0.011043076863991096,0.00019962424295533478,0.0002030660402476681,True,G/C-rich
93,Human,GCG,-0.01541960646649987,2.0612232836654125e-07,2.1335469076536728e-07,True,G/C-rich
94,Human,GAT,-0.02291111302348781,1.185212783635008e-14,1.2487063256154548e-14,True,A/T-rich
95,Human,CGC,-0.02616756096818075,1.1978198447990344e-18,1.3087290896878338e-18,True,G/C-rich
96,Human,AGG,-0.06831864329172152,1.98260972273716e-117,2.2936073263037734e-117,True,G/C-rich
97,Human,GGA,-0.09507197821048036,5.4228972665036406e-226,6.955455189645973e-226,True,G/C-rich
98,Human,GCT,-0.09682177714052745,2.3895894256673737e-234,3.1330172469861123e-234,True,G/C-rich
99,Human,ACG,-0.10547792669847064,5.738273075983496e-278,7.873444453093635e-278,True,G/C-rich
100,Human,CCC,-0.11152742793774693,1.02690171532874e-310,1.44255240962846e-310,True,G/C-rich
101,Human,GGG,-0.12393329670181523,0.0,0.0,True,G/C-rich
102,Human,CCG,-0.14036658262439736,0.0,0.0,True,G/C-rich
103,Human,TCT,-0.1682615953096084,0.0,0.0,True,A/T-rich
104,Human,GAA,-0.1802211381640672,0.0,0.0,True,A/T-rich
105,Human,AGC,-0.18237758177274785,0.0,0.0,True,G/C-rich
106,Human,CGA,-0.18747173528522557,0.0,0.0,True,G/C-rich
107,Human,TCA,-0.1989595852977196,0.0,0.0,True,A/T-rich
108,Human,ATT,-0.21833126883770773,0.0,0.0,True,A/T-rich
109,Human,CTT,-0.23985890735593976,0.0,0.0,True,A/T-rich
110,Human,ACC,-0.24147103774938464,0.0,0.0,True,G/C-rich
111,Human,CGT,-0.2914374116152922,0.0,0.0,True,G/C-rich
112,Human,GAC,-0.3170697917693308,0.0,0.0,True,G/C-rich
113,Human,GTC,-0.3683816789740811,0.0,0.0,True,G/C-rich
114,Human,CCT,-0.3700559060341647,0.0,0.0,True,G/C-rich
115,Human,CAG,-0.3992135384043484,0.0,0.0,True,G/C-rich
116,Human,GCA,-0.40349814654564614,0.0,0.0,True,G/C-rich
117,Human,ATA,-0.42448815496089465,0.0,0.0,True,A/T-rich
118,Human,GTA,-0.5110670913616195,0.0,0.0,True,A/T-rich
119,Human,TTC,-0.5585050649530887,0.0,0.0,True,A/T-rich
120,Human,ATG,,,,False,A/T-rich
121,Human,TGG,,,,False,G/C-rich
122,Non-human Mammal,AAA,0.6260956925116457,0.0,0.0,True,A/T-rich
123,Non-human Mammal,TCC,0.4816464689184709,0.0,0.0,True,G/C-rich
124,Non-human Mammal,GAT,0.47039299370084275,0.0,0.0,True,A/T-rich
125,Non-human Mammal,CCC,0.43345700178532437,0.0,0.0,True,G/C-rich
126,Non-human Mammal,AGT,0.41166176711770464,0.0,0.0,True,A/T-rich
127,Non-human Mammal,TTT,0.3843587459401185,0.0,0.0,True,A/T-rich
128,Non-human Mammal,GGG,0.3612373788159314,0.0,0.0,True,G/C-rich
129,Non-human Mammal,GTA,0.3524508394011936,0.0,0.0,True,A/T-rich
130,Non-human Mammal,GGT,0.3497227435209104,0.0,0.0,True,G/C-rich
131,Non-human Mammal,GCC,0.34090192622195525,0.0,0.0,True,G/C-rich
132,Non-human Mammal,ACT,0.3298059617769153,3.743836033096907e-306,1.5777594710908394e-305,True,A/T-rich
133,Non-human Mammal,TTG,0.32533150541771627,1.743694444613737e-297,6.858531482147364e-297,True,A/T-rich
134,Non-human Mammal,GAG,0.31369214518235194,1.2859210963738337e-275,4.4629026285915404e-275,True,G/C-rich
135,Non-human Mammal,CTA,0.30611028607533586,6.811675480145501e-262,2.2327158518254697e-261,True,A/T-rich
136,Non-human Mammal,ATT,0.3029594776814001,2.615392291061957e-256,7.715407258632773e-256,True,A/T-rich
137,Non-human Mammal,TAC,0.2745201065994673,5.432888231948612e-209,1.4570018440225821e-208,True,A/T-rich
138,Non-human Mammal,TTA,0.2716349377190617,1.70311447954531e-204,4.368858882311882e-204,True,A/T-rich
139,Non-human Mammal,ATA,0.26023010281641484,2.9464385171497504e-187,6.686148942762895e-187,True,A/T-rich
140,Non-human Mammal,CTC,0.23362178397381264,2.740944396427253e-150,5.775561406757426e-150,True,G/C-rich
141,Non-human Mammal,TGC,0.2222684831032033,7.273030631603212e-136,1.430362690881965e-135,True,G/C-rich
142,Non-human Mammal,GTC,0.21443106725148617,2.2797879981215015e-126,4.2033591215365184e-126,True,G/C-rich
143,Non-human Mammal,TCA,0.20178330649051016,7.940923474523997e-112,1.3386128142769023e-111,True,A/T-rich
144,Non-human Mammal,AGA,0.19825273878774283,6.143842258778719e-108,1.0069074812998457e-107,True,A/T-rich
145,Non-human Mammal,CGT,0.17204657298059903,2.3008634994745685e-81,3.4807934992051163e-81,True,G/C-rich
146,Non-human Mammal,CCT,0.16015856070610837,1.2780783701347504e-70,1.885165595948757e-70,True,G/C-rich
147,Non-human Mammal,ACC,0.13110559452110268,1.0086414080077827e-47,1.3839498388943995e-47,True,G/C-rich
148,Non-human Mammal,CCA,0.12600634692262214,3.4469650455569574e-44,4.622066765633193e-44,True,G/C-rich
149,Non-human Mammal,CAG,0.11983445453914376,4.197201700849188e-40,5.502997785557824e-40,True,G/C-rich
150,Non-human Mammal,GCG,0.11496805009846764,4.97834626670076e-37,6.119217286153018e-37,True,G/C-rich
151,Non-human Mammal,GTT,0.10594820649663308,1.1311198280791988e-31,1.3619606093198515e-31,True,A/T-rich
152,Non-human Mammal,AAC,0.10440355329806787,8.442918456362386e-31,9.962643778507615e-31,True,A/T-rich
153,Non-human Mammal,CAC,0.08670483917477076,1.0258110915811864e-21,1.1639010462171154e-21,True,G/C-rich
154,Non-human Mammal,CAT,0.0785764576093509,4.180372644010525e-18,4.6536223772947356e-18,True,A/T-rich
155,Non-human Mammal,GCA,0.02387492568595554,0.008494217173525652,0.008792259881368659,True,G/C-rich
156,Non-human Mammal,AAT,0.017868691796059988,0.04888795210118641,0.049730847827068936,True,A/T-rich
157,Non-human Mammal,TTC,-0.004488991105537855,0.6207696988420307,0.6207696988420307,False,A/T-rich
158,Non-human Mammal,AGG,-0.024535777439463117,0.006837948802407522,0.007204267488250783,True,G/C-rich
159,Non-human Mammal,CAA,-0.0334700854133173,0.00022428704452963827,0.00024059882958633923,True,A/T-rich
160,Non-human Mammal,TAT,-0.07703448301033348,1.8467934755096086e-17,2.0177928713901277e-17,True,A/T-rich
161,Non-human Mammal,CGG,-0.10161351217848189,2.9553030157306057e-29,3.4188799593746226e-29,True,G/C-rich
162,Non-human Mammal,TGT,-0.11815393970448378,5.002527414943314e-39,6.2797684570565e-39,True,A/T-rich
163,Non-human Mammal,CTT,-0.1188183637222991,1.885947313484699e-39,2.4189324238173312e-39,True,A/T-rich
164,Non-human Mammal,TCT,-0.1325413050824745,9.613697014391093e-49,1.3504955329739867e-48,True,A/T-rich
165,Non-human Mammal,ACA,-0.15032941678002465,2.4173609372851987e-62,3.4786413487762616e-62,True,A/T-rich
166,Non-human Mammal,ACG,-0.1820861161084877,4.517954887253256e-91,7.014719430209002e-91,True,G/C-rich
167,Non-human Mammal,TCG,-0.19193732522006138,3.6314121994653754e-101,5.790630264012355e-101,True,G/C-rich
168,Non-human Mammal,AGC,-0.20193782476435276,5.345534588792212e-112,9.276074727610016e-112,True,G/C-rich
169,Non-human Mammal,GCT,-0.2077025674534274,1.6354836486346612e-118,2.9240465233165157e-118,True,G/C-rich
170,Non-human Mammal,CTG,-0.2196565830044622,1.169419332512771e-132,2.2256690522017256e-132,True,G/C-rich
171,Non-human Mammal,CCG,-0.223658291907113,1.3760767561952213e-137,2.799604435017864e-137,True,G/C-rich
172,Non-human Mammal,GTG,-0.25823403959949154,2.507506682529483e-184,5.479366454416277e-184,True,G/C-rich
173,Non-human Mammal,ATC,-0.26389946115261753,1.0371109508941718e-192,2.447581844110245e-192,True,A/T-rich
174,Non-human Mammal,GAA,-0.26944096420203667,4.107054509058035e-201,1.0096509001434337e-200,True,A/T-rich
175,Non-human Mammal,AAG,-0.2855624645320022,1.0339754202652166e-226,2.904978561697513e-226,True,A/T-rich
176,Non-human Mammal,GGA,-0.30535145942317177,1.529337341423858e-260,4.74899490231619e-260,True,G/C-rich
177,Non-human Mammal,CGA,-0.31838650224880377,2.5525658500105646e-284,9.412586571913957e-284,True,G/C-rich
178,Non-human Mammal,GGC,-0.33176193315088615,5.46884088304396e-310,2.482012400766103e-309,True,G/C-rich
179,Non-human Mammal,CGC,-0.4062726694932435,0.0,0.0,True,G/C-rich
180,Non-human Mammal,GAC,-0.4146302102520022,0.0,0.0,True,G/C-rich
181,Non-human Mammal,ATG,,,,False,A/T-rich
182,Non-human Mammal,TGG,,,,False,G/C-rich
