,codon,shap_avian,shap_human,shap_mammal,trend,category
0,GCA,0.06591624659614441,0.017819253252807334,0.020378853347849207,Valley in Human,G/C-rich
1,GCC,0.04992203477062977,0.028490817817862876,0.0223661993694614,Decreasing,G/C-rich
2,GCG,0.021209995922814227,-0.003500020363030543,-0.00013969408729168936,Valley in Human,G/C-rich
3,GCT,0.043958561568816015,0.10600865300382781,0.03362568411170889,Peaked in Human,G/C-rich
4,TGC,0.0030023270690709564,-0.0010314375766560058,-0.00023666757398030236,Valley in Human,G/C-rich
5,TGT,-0.004099706583831092,0.010947145166547425,0.0035226444841956733,Peaked in Human,A/T-rich
6,GAC,0.00640426662714161,-0.003267811031629174,0.019578443930683306,Valley in Human,G/C-rich
7,GAT,0.03136915262952782,0.0021097658010502847,0.001801792570331614,Decreasing,A/T-rich
8,GAA,0.024617193662352047,0.0019835775349386336,0.04540153249034002,Valley in Human,A/T-rich
9,GAG,0.11871927981441396,-0.0016295671221730483,-0.006487700425222861,Decreasing,G/C-rich
10,TTC,0.002559455989922774,0.018102257736556944,0.00011602428558372222,Peaked in Human,A/T-rich
11,TTT,-0.006992197898773771,0.012881164972621524,0.018877102026399258,Increasing,A/T-rich
12,GGA,0.024005001516500455,-0.0038349827599994833,-0.00021770627728483975,Valley in Human,G/C-rich
13,GGC,0.01682792828247624,-0.00022090857268518423,-0.0005326770892775988,Decreasing,G/C-rich
14,GGG,0.051606054830772886,0.0044220736883273,-0.009671375609510941,Decreasing,G/C-rich
15,GGT,0.0180554605548031,0.011067848550150515,-0.0006502924512409775,Decreasing,G/C-rich
16,CAC,0.019346419718263404,-0.008512662857346443,0.009705052876139821,Valley in Human,G/C-rich
17,CAT,-0.002676856121968041,0.017245819160952358,0.03336355496476913,Increasing,A/T-rich
18,ATA,-0.012555221948767448,0.029056287662113437,0.029297051803882666,Increasing,A/T-rich
19,ATC,0.0022033269484735304,0.021359231820538737,0.004528914110243143,Peaked in Human,A/T-rich
20,ATT,-0.010315580617566591,0.02398027004096576,0.018358259056944427,Peaked in Human,A/T-rich
21,AAA,-0.012030118457521418,0.01994088311558554,0.0622262278125696,Increasing,A/T-rich
22,AAG,0.03048398843646434,0.02971105391577356,0.012527454406059025,Decreasing,A/T-rich
23,CTA,-0.01329934104944472,0.017823546846234054,0.0230148293610158,Increasing,A/T-rich
24,CTC,0.01322558242552534,0.006784219684287231,0.007683652861744816,Valley in Human,G/C-rich
25,CTG,0.05675848132015843,0.007974917255079306,-0.0028713757274358145,Decreasing,G/C-rich
26,CTT,0.006119467723462501,0.0329657356681396,0.007785653844423115,Peaked in Human,A/T-rich
27,TTA,-0.002382686547839768,0.013014825018617747,0.011642163108802324,Peaked in Human,A/T-rich
28,TTG,0.008729549436397668,0.011638608832498587,-0.002349515926992646,Peaked in Human,A/T-rich
29,ATG,0.02614511183968204,0.02772875106150014,0.028045058182401696,Increasing,A/T-rich
30,AAC,0.004552399200272415,-0.0075462361362514715,0.022192882257624308,Valley in Human,A/T-rich
31,AAT,-0.005257039019047117,0.047202511746388946,0.005501969135699292,Peaked in Human,A/T-rich
32,CCA,0.01951812484295763,-0.019071694333943238,0.004331723911800993,Valley in Human,G/C-rich
33,CCC,0.0005468706942409341,-0.0016190967753624648,0.0032062910944815064,Valley in Human,G/C-rich
34,CCG,0.007214944097944403,0.002119721413881021,0.0012607366179784433,Decreasing,G/C-rich
35,CCT,0.00402768615252262,-0.0031317197759705546,0.004793111894803386,Valley in Human,G/C-rich
36,CAA,0.0009768660395006704,0.005993048818466391,0.01870577194748492,Increasing,A/T-rich
37,CAG,0.11390802932673523,0.008859440880126806,0.007851430092120795,Decreasing,G/C-rich
38,AGA,0.01874202569248608,0.0327042009094513,0.023415059366266453,Peaked in Human,A/T-rich
39,AGG,0.09400534735751902,-0.0006630678852465526,-0.01732558536670344,Decreasing,G/C-rich
40,CGA,0.0026269290899569166,0.003559129414214727,0.008416876573008788,Increasing,G/C-rich
41,CGC,-0.0003604539622401897,0.0012373182136461618,0.0029762278659498857,Increasing,G/C-rich
42,CGG,0.03259511775796679,0.006224097361009193,-0.0042470429985950854,Decreasing,G/C-rich
43,CGT,-0.0005313178397781161,-0.0007210399156513816,0.0016576866501058208,Valley in Human,G/C-rich
44,AGC,0.006256994437936572,0.0004386020936383604,0.01718342221681265,Valley in Human,G/C-rich
45,AGT,0.05893698224668518,0.016980614382921682,-0.0022647234599608096,Decreasing,A/T-rich
46,TCA,0.014853804656942379,0.0015708272842417524,0.011643559116071277,Valley in Human,A/T-rich
47,TCC,0.0024002209369256423,-0.004931578183315671,0.006513933394387774,Valley in Human,G/C-rich
48,TCG,-0.0035155374472687967,0.0005140729838684578,0.010437149629097196,Increasing,G/C-rich
49,TCT,-0.0029646061573689437,0.017134190963850715,0.0014254855126768686,Peaked in Human,A/T-rich
50,ACA,0.0013334046489131125,0.0006906034205383802,0.05408602459158798,Valley in Human,A/T-rich
51,ACC,0.0671256882473638,-0.021489384452400714,0.029377417836851764,Valley in Human,G/C-rich
52,ACG,0.023646037917383986,0.004069584512157548,-0.0006043204618692435,Decreasing,G/C-rich
53,ACT,0.01881757852747529,0.02024422930892852,0.03552305720491735,Increasing,A/T-rich
54,GTA,0.01098219987289634,-0.0013908812185567583,0.01495830826707855,Valley in Human,A/T-rich
55,GTC,0.032178169304622486,0.001227415494854175,0.015006378281435142,Valley in Human,G/C-rich
56,GTG,0.09330044819410868,0.023902006620403815,-0.022925898123933766,Decreasing,G/C-rich
57,GTT,0.011785766469810723,0.04966246019464855,0.009049173526605867,Peaked in Human,A/T-rich
58,TGG,0.0006802140436070131,-0.0001642088523313714,-0.00046050258536903515,Decreasing,G/C-rich
59,TAC,0.012304704565976713,-0.003555917381052008,0.02231296460136339,Valley in Human,A/T-rich
60,TAT,-0.0033235374691984337,0.036161740748676056,0.0017149914985977574,Peaked in Human,A/T-rich
