Segment,Calibration,Class,Directionality,ECE (Mean±Std),MCE (Mean±Std),ACE (Mean±Std),MCS (Mean±Std)
01_PB2,Cal,Avian,BALANCED,0.0014 ± 0.0002,0.5541 ± 0.1533,0.0009 ± 0.0004,0.0008 ± 0.0004
01_PB2,Cal,Human,BALANCED,0.0022 ± 0.0004,0.3274 ± 0.0983,0.0012 ± 0.0002,-0.0012 ± 0.0002
01_PB2,Cal,Non-human Mammal,BALANCED,0.0010 ± 0.0004,0.3680 ± 0.1417,0.0015 ± 0.0002,0.0004 ± 0.0003
01_PB2,Orig,Avian,BALANCED,0.0238 ± 0.0087,0.3738 ± 0.0651,0.0206 ± 0.0085,0.0131 ± 0.0060
01_PB2,Orig,Human,UNDERCONF,0.1247 ± 0.0365,0.6246 ± 0.0587,0.1243 ± 0.0363,-0.1186 ± 0.0348
01_PB2,Orig,Non-human Mammal,OVERCONF,0.1080 ± 0.0315,0.4768 ± 0.0613,0.1055 ± 0.0309,0.1055 ± 0.0309
02_PB1,Cal,Avian,BALANCED,0.0012 ± 0.0002,0.5445 ± 0.2110,0.0009 ± 0.0005,0.0008 ± 0.0004
02_PB1,Cal,Human,BALANCED,0.0016 ± 0.0004,0.3425 ± 0.1404,0.0012 ± 0.0001,-0.0011 ± 0.0001
02_PB1,Cal,Non-human Mammal,BALANCED,0.0006 ± 0.0004,0.4088 ± 0.1417,0.0014 ± 0.0004,0.0004 ± 0.0003
02_PB1,Orig,Avian,BALANCED,0.0222 ± 0.0042,0.3477 ± 0.0381,0.0211 ± 0.0042,0.0105 ± 0.0043
02_PB1,Orig,Human,UNDERCONF,0.1232 ± 0.0188,0.5710 ± 0.0425,0.1207 ± 0.0179,-0.1145 ± 0.0175
02_PB1,Orig,Non-human Mammal,OVERCONF,0.1076 ± 0.0176,0.4673 ± 0.0480,0.1040 ± 0.0162,0.1040 ± 0.0162
03_PA,Cal,Avian,BALANCED,0.0014 ± 0.0003,0.6157 ± 0.1776,0.0015 ± 0.0003,0.0014 ± 0.0003
03_PA,Cal,Human,BALANCED,0.0023 ± 0.0004,0.3142 ± 0.1163,0.0015 ± 0.0002,-0.0013 ± 0.0002
03_PA,Cal,Non-human Mammal,BALANCED,0.0009 ± 0.0004,0.3090 ± 0.1546,0.0013 ± 0.0004,0.0000 ± 0.0002
03_PA,Orig,Avian,BALANCED,0.0266 ± 0.0120,0.5049 ± 0.0536,0.0214 ± 0.0114,0.0181 ± 0.0106
03_PA,Orig,Human,UNDERCONF,0.1308 ± 0.0335,0.5789 ± 0.0525,0.1300 ± 0.0338,-0.1253 ± 0.0332
03_PA,Orig,Non-human Mammal,OVERCONF,0.1110 ± 0.0269,0.4228 ± 0.0634,0.1072 ± 0.0275,0.1072 ± 0.0275
04_HA,Cal,Avian,BALANCED,0.0010 ± 0.0001,0.6128 ± 0.1479,0.0009 ± 0.0002,0.0009 ± 0.0002
04_HA,Cal,Human,BALANCED,0.0013 ± 0.0002,0.2605 ± 0.0654,0.0012 ± 0.0002,-0.0010 ± 0.0001
04_HA,Cal,Non-human Mammal,BALANCED,0.0004 ± 0.0002,0.3061 ± 0.1028,0.0008 ± 0.0002,0.0001 ± 0.0002
04_HA,Orig,Avian,BALANCED,0.0269 ± 0.0088,0.3783 ± 0.0662,0.0222 ± 0.0080,0.0115 ± 0.0103
04_HA,Orig,Human,UNDERCONF,0.2278 ± 0.0312,0.5430 ± 0.0674,0.2249 ± 0.0316,-0.2173 ± 0.0329
04_HA,Orig,Non-human Mammal,OVERCONF,0.2121 ± 0.0309,0.4614 ± 0.0873,0.2058 ± 0.0318,0.2058 ± 0.0318
05_NP,Cal,Avian,BALANCED,0.0015 ± 0.0003,0.5042 ± 0.1692,0.0015 ± 0.0003,0.0013 ± 0.0003
05_NP,Cal,Human,BALANCED,0.0022 ± 0.0003,0.3625 ± 0.1061,0.0015 ± 0.0002,-0.0014 ± 0.0001
05_NP,Cal,Non-human Mammal,BALANCED,0.0011 ± 0.0004,0.3921 ± 0.1072,0.0011 ± 0.0005,0.0000 ± 0.0003
05_NP,Orig,Avian,BALANCED,0.0212 ± 0.0062,0.4437 ± 0.1028,0.0200 ± 0.0062,0.0111 ± 0.0046
05_NP,Orig,Human,UNDERCONF,0.1167 ± 0.0208,0.5240 ± 0.0756,0.1142 ± 0.0206,-0.1100 ± 0.0207
05_NP,Orig,Non-human Mammal,OVERCONF,0.1024 ± 0.0181,0.4206 ± 0.0599,0.0989 ± 0.0181,0.0989 ± 0.0181
06_NA,Cal,Avian,BALANCED,0.0009 ± 0.0002,0.5004 ± 0.2336,0.0010 ± 0.0002,0.0009 ± 0.0002
06_NA,Cal,Human,BALANCED,0.0012 ± 0.0002,0.3743 ± 0.0965,0.0010 ± 0.0001,-0.0008 ± 0.0001
06_NA,Cal,Non-human Mammal,BALANCED,0.0005 ± 0.0002,0.3730 ± 0.1364,0.0009 ± 0.0002,-0.0000 ± 0.0002
06_NA,Orig,Avian,BALANCED,0.0279 ± 0.0046,0.3609 ± 0.0463,0.0228 ± 0.0044,0.0111 ± 0.0027
06_NA,Orig,Human,UNDERCONF,0.1851 ± 0.0373,0.5345 ± 0.0497,0.1822 ± 0.0364,-0.1774 ± 0.0351
06_NA,Orig,Non-human Mammal,OVERCONF,0.1729 ± 0.0358,0.3882 ± 0.0498,0.1664 ± 0.0335,0.1664 ± 0.0335
07_MP,Cal,Avian,BALANCED,0.0015 ± 0.0002,0.5355 ± 0.3039,0.0016 ± 0.0002,0.0014 ± 0.0002
07_MP,Cal,Human,BALANCED,0.0017 ± 0.0002,0.3717 ± 0.1704,0.0015 ± 0.0001,-0.0012 ± 0.0001
07_MP,Cal,Non-human Mammal,BALANCED,0.0006 ± 0.0002,0.3797 ± 0.1897,0.0013 ± 0.0003,-0.0002 ± 0.0002
07_MP,Orig,Avian,BALANCED,0.0136 ± 0.0041,0.5195 ± 0.0958,0.0103 ± 0.0033,0.0036 ± 0.0027
07_MP,Orig,Human,UNDERCONF,0.0828 ± 0.0176,0.5250 ± 0.0494,0.0774 ± 0.0185,-0.0756 ± 0.0188
07_MP,Orig,Non-human Mammal,OVERCONF,0.0775 ± 0.0167,0.5042 ± 0.0550,0.0720 ± 0.0173,0.0720 ± 0.0173
08_NS,Cal,Avian,BALANCED,0.0010 ± 0.0001,0.6171 ± 0.1342,0.0012 ± 0.0001,0.0009 ± 0.0002
08_NS,Cal,Human,BALANCED,0.0016 ± 0.0001,0.3746 ± 0.1309,0.0013 ± 0.0001,-0.0013 ± 0.0001
08_NS,Cal,Non-human Mammal,BALANCED,0.0007 ± 0.0001,0.4052 ± 0.1726,0.0015 ± 0.0003,0.0004 ± 0.0001
08_NS,Orig,Avian,BALANCED,0.0175 ± 0.0049,0.4188 ± 0.0705,0.0122 ± 0.0037,0.0022 ± 0.0030
08_NS,Orig,Human,UNDERCONF,0.0865 ± 0.0232,0.4986 ± 0.0424,0.0818 ± 0.0226,-0.0795 ± 0.0220
08_NS,Orig,Non-human Mammal,OVERCONF,0.0799 ± 0.0217,0.4468 ± 0.0353,0.0772 ± 0.0215,0.0772 ± 0.0215
