Segment,Fold,Calibration,Class,ECE,MCE,ACE,MCS,Directionality
01_PB2,0,Orig,Human,0.1196,0.7119,0.121,-0.1184,UNDERCONF
01_PB2,0,Orig,Avian,0.0279,0.5241,0.0238,0.0234,OVERCONF
01_PB2,0,Orig,Non-human Mammal,0.0975,0.5537,0.095,0.095,OVERCONF
01_PB2,0,Cal,Human,0.0031,0.4959,0.0013,-0.0012,BALANCED
01_PB2,0,Cal,Avian,0.0014,0.5906,0.0011,0.001,BALANCED
01_PB2,0,Cal,Non-human Mammal,0.0019,0.5459,0.0019,0.0002,BALANCED
01_PB2,1,Orig,Human,0.0545,0.5612,0.0543,-0.0494,UNDERCONF
01_PB2,1,Orig,Avian,0.0148,0.3692,0.0114,0.0062,BALANCED
01_PB2,1,Orig,Non-human Mammal,0.0449,0.418,0.0432,0.0432,OVERCONF
01_PB2,1,Cal,Human,0.0026,0.4271,0.001,-0.001,BALANCED
01_PB2,1,Cal,Avian,0.0015,0.477,0.0001,0.0001,BALANCED
01_PB2,1,Cal,Non-human Mammal,0.0011,0.5486,0.0016,0.0009,BALANCED
01_PB2,2,Orig,Human,0.1817,0.5226,0.1806,-0.1708,UNDERCONF
01_PB2,2,Orig,Avian,0.0319,0.3077,0.0298,0.016,BALANCED
01_PB2,2,Orig,Non-human Mammal,0.1573,0.4311,0.1548,0.1548,OVERCONF
01_PB2,2,Cal,Human,0.0019,0.3617,0.001,-0.001,BALANCED
01_PB2,2,Cal,Avian,0.0017,0.7078,0.0004,0.0003,BALANCED
01_PB2,2,Cal,Non-human Mammal,0.0008,0.175,0.0016,0.0007,BALANCED
01_PB2,3,Orig,Human,0.1142,0.6196,0.1141,-0.1086,UNDERCONF
01_PB2,3,Orig,Avian,0.0224,0.3407,0.0191,0.0106,BALANCED
01_PB2,3,Orig,Non-human Mammal,0.1001,0.4871,0.098,0.098,OVERCONF
01_PB2,3,Cal,Human,0.002,0.3764,0.0011,-0.0009,BALANCED
01_PB2,3,Cal,Avian,0.0014,0.8462,0.0004,0.0003,BALANCED
01_PB2,3,Cal,Non-human Mammal,0.0007,0.4138,0.0013,0.0006,BALANCED
01_PB2,4,Orig,Human,0.0985,0.6072,0.0975,-0.0912,UNDERCONF
01_PB2,4,Orig,Avian,0.0164,0.3347,0.0138,0.0067,BALANCED
01_PB2,4,Orig,Non-human Mammal,0.0868,0.4133,0.0844,0.0844,OVERCONF
01_PB2,4,Cal,Human,0.0023,0.2955,0.0012,-0.0012,BALANCED
01_PB2,4,Cal,Avian,0.0013,0.7122,0.0011,0.001,BALANCED
01_PB2,4,Cal,Non-human Mammal,0.0009,0.3091,0.0013,0.0002,BALANCED
01_PB2,5,Orig,Human,0.1264,0.609,0.1249,-0.1205,UNDERCONF
01_PB2,5,Orig,Avian,0.0199,0.3285,0.0167,0.012,BALANCED
01_PB2,5,Orig,Non-human Mammal,0.1103,0.5308,0.1085,0.1085,OVERCONF
01_PB2,5,Cal,Human,0.0016,0.2619,0.0012,-0.0012,BALANCED
01_PB2,5,Cal,Avian,0.0013,0.4918,0.0012,0.0011,BALANCED
01_PB2,5,Cal,Non-human Mammal,0.0005,0.2711,0.0012,0.0001,BALANCED
01_PB2,6,Orig,Human,0.1125,0.7065,0.1127,-0.11,UNDERCONF
01_PB2,6,Orig,Avian,0.013,0.4146,0.0104,0.0088,BALANCED
01_PB2,6,Orig,Non-human Mammal,0.1029,0.4753,0.1012,0.1012,OVERCONF
01_PB2,6,Cal,Human,0.002,0.2433,0.0014,-0.0014,BALANCED
01_PB2,6,Cal,Avian,0.0014,0.3853,0.0012,0.0011,BALANCED
01_PB2,6,Cal,Non-human Mammal,0.0008,0.2993,0.0016,0.0003,BALANCED
01_PB2,7,Orig,Human,0.168,0.6404,0.1673,-0.158,UNDERCONF
01_PB2,7,Orig,Avian,0.0394,0.3694,0.0354,0.0217,OVERCONF
01_PB2,7,Orig,Non-human Mammal,0.1405,0.4444,0.1363,0.1363,OVERCONF
01_PB2,7,Cal,Human,0.0024,0.1526,0.0015,-0.0015,BALANCED
01_PB2,7,Cal,Avian,0.0015,0.418,0.0009,0.0008,BALANCED
01_PB2,7,Cal,Non-human Mammal,0.0012,0.2322,0.0013,0.0006,BALANCED
01_PB2,8,Orig,Human,0.1166,0.6588,0.1161,-0.1112,UNDERCONF
01_PB2,8,Orig,Avian,0.0205,0.4232,0.0168,0.0093,BALANCED
01_PB2,8,Orig,Non-human Mammal,0.1037,0.586,0.1019,0.1019,OVERCONF
01_PB2,8,Cal,Human,0.0021,0.3626,0.0014,-0.0014,BALANCED
01_PB2,8,Cal,Avian,0.001,0.4646,0.0011,0.001,BALANCED
01_PB2,8,Cal,Non-human Mammal,0.0012,0.5652,0.0019,0.0004,BALANCED
01_PB2,9,Orig,Human,0.1551,0.6086,0.1546,-0.1477,UNDERCONF
01_PB2,9,Orig,Avian,0.0321,0.3258,0.0291,0.0159,BALANCED
01_PB2,9,Orig,Non-human Mammal,0.1356,0.4283,0.1318,0.1318,OVERCONF
01_PB2,9,Cal,Human,0.0017,0.2968,0.0013,-0.0013,BALANCED
01_PB2,9,Cal,Avian,0.0012,0.4478,0.0011,0.0011,BALANCED
01_PB2,9,Cal,Non-human Mammal,0.0006,0.3201,0.0015,0.0003,BALANCED
02_PB1,0,Orig,Human,0.1319,0.612,0.1294,-0.1241,UNDERCONF
02_PB1,0,Orig,Avian,0.0194,0.3285,0.0184,0.0102,BALANCED
02_PB1,0,Orig,Non-human Mammal,0.1172,0.4885,0.1139,0.1139,OVERCONF
02_PB1,0,Cal,Human,0.0014,0.6646,0.0012,-0.0012,BALANCED
02_PB1,0,Cal,Avian,0.0009,0.1174,0.0011,0.0009,BALANCED
02_PB1,0,Cal,Non-human Mammal,0.0005,0.6639,0.0015,0.0003,BALANCED
02_PB1,1,Orig,Human,0.105,0.5334,0.1024,-0.0926,UNDERCONF
02_PB1,1,Orig,Avian,0.0203,0.3439,0.0193,0.0039,BALANCED
02_PB1,1,Orig,Non-human Mammal,0.0913,0.5035,0.0887,0.0887,OVERCONF
02_PB1,1,Cal,Human,0.0023,0.4716,0.0013,-0.0008,BALANCED
02_PB1,1,Cal,Avian,0.0013,0.7289,0.0001,0.0001,BALANCED
02_PB1,1,Cal,Non-human Mammal,0.0011,0.5081,0.0018,0.0007,BALANCED
02_PB1,2,Orig,Human,0.1057,0.6357,0.1043,-0.1007,UNDERCONF
02_PB1,2,Orig,Avian,0.0205,0.3394,0.0191,0.0148,BALANCED
02_PB1,2,Orig,Non-human Mammal,0.0886,0.5153,0.0859,0.0859,OVERCONF
02_PB1,2,Cal,Human,0.0015,0.3465,0.0012,-0.0012,BALANCED
02_PB1,2,Cal,Avian,0.0013,0.367,0.0013,0.0011,BALANCED
02_PB1,2,Cal,Non-human Mammal,0.0003,0.2921,0.0013,0.0001,BALANCED
02_PB1,3,Orig,Human,0.1156,0.5431,0.1129,-0.1065,UNDERCONF
02_PB1,3,Orig,Avian,0.0231,0.333,0.0218,0.0124,BALANCED
02_PB1,3,Orig,Non-human Mammal,0.0985,0.3801,0.094,0.094,OVERCONF
02_PB1,3,Cal,Human,0.0014,0.1748,0.0013,-0.0012,BALANCED
02_PB1,3,Cal,Avian,0.0012,0.6471,0.0011,0.0011,BALANCED
02_PB1,3,Cal,Non-human Mammal,0.0004,0.2466,0.001,0.0002,BALANCED
02_PB1,4,Orig,Human,0.1231,0.6052,0.1223,-0.1156,UNDERCONF
02_PB1,4,Orig,Avian,0.03,0.3466,0.0288,0.0146,BALANCED
02_PB1,4,Orig,Non-human Mammal,0.1039,0.5022,0.101,0.101,OVERCONF
02_PB1,4,Cal,Human,0.0025,0.2696,0.001,-0.001,BALANCED
02_PB1,4,Cal,Avian,0.0015,0.6064,0.0,-0.0,BALANCED
02_PB1,4,Cal,Non-human Mammal,0.0013,0.4082,0.002,0.001,BALANCED
02_PB1,5,Orig,Human,0.1001,0.5116,0.0986,-0.0952,UNDERCONF
02_PB1,5,Orig,Avian,0.0148,0.4251,0.0138,0.0079,BALANCED
02_PB1,5,Orig,Non-human Mammal,0.0902,0.3956,0.0874,0.0874,OVERCONF
02_PB1,5,Cal,Human,0.0013,0.3846,0.0012,-0.0012,BALANCED
02_PB1,5,Cal,Avian,0.0011,0.3214,0.0011,0.001,BALANCED
02_PB1,5,Cal,Non-human Mammal,0.0003,0.4569,0.0008,0.0001,BALANCED
02_PB1,6,Orig,Human,0.1346,0.6072,0.1322,-0.1264,UNDERCONF
02_PB1,6,Orig,Avian,0.0237,0.3361,0.0225,0.0122,BALANCED
02_PB1,6,Orig,Non-human Mammal,0.1175,0.4962,0.1142,0.1142,OVERCONF
02_PB1,6,Cal,Human,0.0013,0.2199,0.0011,-0.0011,BALANCED
02_PB1,6,Cal,Avian,0.0011,0.7792,0.0012,0.001,BALANCED
02_PB1,6,Cal,Non-human Mammal,0.0003,0.2312,0.0013,0.0002,BALANCED
02_PB1,7,Orig,Human,0.1629,0.5818,0.1575,-0.1502,UNDERCONF
02_PB1,7,Orig,Avian,0.0249,0.332,0.024,0.0119,BALANCED
02_PB1,7,Orig,Non-human Mammal,0.1464,0.4922,0.1383,0.1383,OVERCONF
02_PB1,7,Cal,Human,0.0015,0.2942,0.0015,-0.0012,BALANCED
02_PB1,7,Cal,Avian,0.0012,0.6849,0.0012,0.0012,BALANCED
02_PB1,7,Cal,Non-human Mammal,0.0005,0.3073,0.0012,-0.0,BALANCED
02_PB1,8,Orig,Human,0.1179,0.5485,0.1151,-0.1087,UNDERCONF
02_PB1,8,Orig,Avian,0.0195,0.4011,0.0186,0.0028,BALANCED
02_PB1,8,Orig,Non-human Mammal,0.108,0.4321,0.106,0.106,OVERCONF
02_PB1,8,Cal,Human,0.0017,0.3176,0.0013,-0.0012,BALANCED
02_PB1,8,Cal,Avian,0.001,0.5313,0.0005,0.0004,BALANCED
02_PB1,8,Cal,Non-human Mammal,0.0009,0.4173,0.0019,0.0008,BALANCED
02_PB1,9,Orig,Human,0.1347,0.531,0.1321,-0.1248,UNDERCONF
02_PB1,9,Orig,Avian,0.026,0.2913,0.0248,0.0139,BALANCED
02_PB1,9,Orig,Non-human Mammal,0.1149,0.4673,0.1109,0.1109,OVERCONF
02_PB1,9,Cal,Human,0.0014,0.2819,0.0011,-0.0011,BALANCED
02_PB1,9,Cal,Avian,0.0012,0.6616,0.001,0.0009,BALANCED
02_PB1,9,Cal,Non-human Mammal,0.0003,0.5561,0.0013,0.0002,BALANCED
03_PA,0,Orig,Human,0.0647,0.4532,0.0634,-0.0589,UNDERCONF
03_PA,0,Orig,Avian,0.0192,0.4475,0.0149,0.0122,BALANCED
03_PA,0,Orig,Non-human Mammal,0.0529,0.2999,0.0467,0.0467,OVERCONF
03_PA,0,Cal,Human,0.0016,0.2102,0.0011,-0.0011,BALANCED
03_PA,0,Cal,Avian,0.0012,0.6729,0.0013,0.0012,BALANCED
03_PA,0,Cal,Non-human Mammal,0.0007,0.1758,0.0008,-0.0001,BALANCED
03_PA,1,Orig,Human,0.126,0.5357,0.1249,-0.1187,UNDERCONF
03_PA,1,Orig,Avian,0.0242,0.4828,0.0198,0.0139,BALANCED
03_PA,1,Orig,Non-human Mammal,0.11,0.3908,0.1048,0.1048,OVERCONF
03_PA,1,Cal,Human,0.0022,0.3475,0.0014,-0.0014,BALANCED
03_PA,1,Cal,Avian,0.0015,0.5477,0.0015,0.0014,BALANCED
03_PA,1,Cal,Non-human Mammal,0.0006,0.2895,0.0016,-0.0,BALANCED
03_PA,2,Orig,Human,0.1219,0.5939,0.1206,-0.1179,UNDERCONF
03_PA,2,Orig,Avian,0.0225,0.4592,0.0177,0.017,BALANCED
03_PA,2,Orig,Non-human Mammal,0.104,0.4237,0.1009,0.1009,OVERCONF
03_PA,2,Cal,Human,0.0023,0.2467,0.0016,-0.0016,BALANCED
03_PA,2,Cal,Avian,0.0018,0.6867,0.0019,0.0018,BALANCED
03_PA,2,Cal,Non-human Mammal,0.0007,0.2405,0.0018,-0.0002,BALANCED
03_PA,3,Orig,Human,0.1789,0.6131,0.1785,-0.171,UNDERCONF
03_PA,3,Orig,Avian,0.0563,0.5148,0.0501,0.0436,OVERCONF
03_PA,3,Orig,Non-human Mammal,0.1318,0.4256,0.1274,0.1274,OVERCONF
03_PA,3,Cal,Human,0.0022,0.4218,0.0015,-0.0012,BALANCED
03_PA,3,Cal,Avian,0.0012,0.83,0.0012,0.0011,BALANCED
03_PA,3,Cal,Non-human Mammal,0.0012,0.422,0.0008,0.0001,BALANCED
03_PA,4,Orig,Human,0.1708,0.6256,0.1705,-0.1657,UNDERCONF
03_PA,4,Orig,Avian,0.0259,0.5337,0.0193,0.0182,BALANCED
03_PA,4,Orig,Non-human Mammal,0.1512,0.4155,0.1475,0.1475,OVERCONF
03_PA,4,Cal,Human,0.0025,0.2933,0.0012,-0.001,BALANCED
03_PA,4,Cal,Avian,0.0013,0.5499,0.0013,0.0012,BALANCED
03_PA,4,Cal,Non-human Mammal,0.0016,0.3925,0.0014,-0.0002,BALANCED
03_PA,5,Orig,Human,0.1462,0.5937,0.1456,-0.1415,UNDERCONF
03_PA,5,Orig,Avian,0.0345,0.5674,0.0287,0.0256,OVERCONF
03_PA,5,Orig,Non-human Mammal,0.1194,0.4509,0.1159,0.1159,OVERCONF
03_PA,5,Cal,Human,0.0022,0.3642,0.0015,-0.0013,BALANCED
03_PA,5,Cal,Avian,0.0016,0.8837,0.0016,0.0015,BALANCED
03_PA,5,Cal,Non-human Mammal,0.0005,0.6257,0.0016,-0.0001,BALANCED
03_PA,6,Orig,Human,0.1085,0.554,0.107,-0.1034,UNDERCONF
03_PA,6,Orig,Avian,0.0222,0.4635,0.018,0.0154,BALANCED
03_PA,6,Orig,Non-human Mammal,0.0919,0.41,0.088,0.088,OVERCONF
03_PA,6,Cal,Human,0.002,0.2225,0.0017,-0.0015,BALANCED
03_PA,6,Cal,Avian,0.0012,0.3102,0.0013,0.0012,BALANCED
03_PA,6,Cal,Non-human Mammal,0.0011,0.2098,0.0012,0.0003,BALANCED
03_PA,7,Orig,Human,0.1143,0.5904,0.1135,-0.1095,UNDERCONF
03_PA,7,Orig,Avian,0.0157,0.4556,0.0104,0.0104,BALANCED
03_PA,7,Orig,Non-human Mammal,0.1022,0.4382,0.099,0.099,OVERCONF
03_PA,7,Cal,Human,0.0022,0.1202,0.0017,-0.0017,BALANCED
03_PA,7,Cal,Avian,0.0019,0.6917,0.0019,0.0018,BALANCED
03_PA,7,Cal,Non-human Mammal,0.0005,0.1469,0.0018,-0.0001,BALANCED
03_PA,8,Orig,Human,0.121,0.62,0.1211,-0.1161,UNDERCONF
03_PA,8,Orig,Avian,0.015,0.5155,0.0117,0.0047,BALANCED
03_PA,8,Orig,Non-human Mammal,0.1127,0.5596,0.1115,0.1115,OVERCONF
03_PA,8,Cal,Human,0.0023,0.4992,0.0014,-0.0012,BALANCED
03_PA,8,Cal,Avian,0.0012,0.3941,0.001,0.0009,BALANCED
03_PA,8,Cal,Non-human Mammal,0.0005,0.1604,0.0012,0.0004,BALANCED
03_PA,9,Orig,Human,0.156,0.6095,0.1551,-0.1506,UNDERCONF
03_PA,9,Orig,Avian,0.03,0.6092,0.0238,0.0203,OVERCONF
03_PA,9,Orig,Non-human Mammal,0.1337,0.4134,0.1303,0.1303,OVERCONF
03_PA,9,Cal,Human,0.0033,0.4163,0.0016,-0.0014,BALANCED
03_PA,9,Cal,Avian,0.0016,0.5903,0.0016,0.0015,BALANCED
03_PA,9,Cal,Non-human Mammal,0.0016,0.4271,0.0012,-0.0,BALANCED
04_HA,0,Orig,Human,0.2308,0.4625,0.2275,-0.2172,UNDERCONF
04_HA,0,Orig,Avian,0.0288,0.3697,0.0244,0.0081,BALANCED
04_HA,0,Orig,Non-human Mammal,0.2173,0.3811,0.2092,0.2092,OVERCONF
04_HA,0,Cal,Human,0.0012,0.2484,0.0013,-0.0009,BALANCED
04_HA,0,Cal,Avian,0.001,0.525,0.001,0.0009,BALANCED
04_HA,0,Cal,Non-human Mammal,0.0004,0.2245,0.0006,-0.0,BALANCED
04_HA,1,Orig,Human,0.2282,0.6118,0.2254,-0.2181,UNDERCONF
04_HA,1,Orig,Avian,0.0312,0.2839,0.0255,0.0177,BALANCED
04_HA,1,Orig,Non-human Mammal,0.2083,0.533,0.2004,0.2004,OVERCONF
04_HA,1,Cal,Human,0.0014,0.2633,0.0012,-0.0011,BALANCED
04_HA,1,Cal,Avian,0.001,0.7342,0.001,0.001,BALANCED
04_HA,1,Cal,Non-human Mammal,0.0004,0.2988,0.0005,0.0001,BALANCED
04_HA,2,Orig,Human,0.1931,0.5225,0.1897,-0.1827,UNDERCONF
04_HA,2,Orig,Avian,0.0193,0.496,0.0149,0.0022,BALANCED
04_HA,2,Orig,Non-human Mammal,0.1864,0.4334,0.1805,0.1805,OVERCONF
04_HA,2,Cal,Human,0.0011,0.1373,0.0012,-0.0008,BALANCED
04_HA,2,Cal,Avian,0.0009,0.8381,0.001,0.0009,BALANCED
04_HA,2,Cal,Non-human Mammal,0.0002,0.1471,0.0007,-0.0001,BALANCED
04_HA,3,Orig,Human,0.2384,0.6802,0.2372,-0.2338,UNDERCONF
04_HA,3,Orig,Avian,0.0107,0.319,0.0081,0.0024,BALANCED
04_HA,3,Orig,Non-human Mammal,0.233,0.6528,0.2314,0.2313,OVERCONF
04_HA,3,Cal,Human,0.0014,0.3386,0.0011,-0.0011,BALANCED
04_HA,3,Cal,Avian,0.0008,0.4766,0.0008,0.0007,BALANCED
04_HA,3,Cal,Non-human Mammal,0.0005,0.5178,0.0012,0.0003,BALANCED
04_HA,4,Orig,Human,0.291,0.5543,0.2872,-0.2776,UNDERCONF
04_HA,4,Orig,Avian,0.0297,0.4062,0.025,0.0111,BALANCED
04_HA,4,Orig,Non-human Mammal,0.2734,0.4956,0.2664,0.2664,OVERCONF
04_HA,4,Cal,Human,0.0013,0.2744,0.0015,-0.001,BALANCED
04_HA,4,Cal,Avian,0.0009,0.5733,0.0008,0.0008,BALANCED
04_HA,4,Cal,Non-human Mammal,0.0004,0.3097,0.0008,0.0002,BALANCED
04_HA,5,Orig,Human,0.2355,0.5449,0.2339,-0.2287,UNDERCONF
04_HA,5,Orig,Avian,0.0183,0.3097,0.0138,0.0051,BALANCED
04_HA,5,Orig,Non-human Mammal,0.2259,0.4726,0.2236,0.2236,OVERCONF
04_HA,5,Cal,Human,0.0014,0.2289,0.0011,-0.0011,BALANCED
04_HA,5,Cal,Avian,0.0011,0.6205,0.0007,0.0007,BALANCED
04_HA,5,Cal,Non-human Mammal,0.0005,0.3203,0.001,0.0004,BALANCED
04_HA,6,Orig,Human,0.2303,0.5803,0.2278,-0.2236,UNDERCONF
04_HA,6,Orig,Avian,0.042,0.416,0.0361,0.0361,OVERCONF
04_HA,6,Orig,Non-human Mammal,0.1949,0.3453,0.1875,0.1875,OVERCONF
04_HA,6,Cal,Human,0.0016,0.317,0.0012,-0.0011,BALANCED
04_HA,6,Cal,Avian,0.0012,0.7578,0.0013,0.0012,BALANCED
04_HA,6,Cal,Non-human Mammal,0.0007,0.2959,0.0006,-0.0,BALANCED
04_HA,7,Orig,Human,0.2503,0.5148,0.2483,-0.2434,UNDERCONF
04_HA,7,Orig,Avian,0.0305,0.3345,0.0241,0.0176,BALANCED
04_HA,7,Orig,Non-human Mammal,0.2325,0.4736,0.2258,0.2258,OVERCONF
04_HA,7,Cal,Human,0.0013,0.3527,0.001,-0.0009,BALANCED
04_HA,7,Cal,Avian,0.001,0.4425,0.001,0.001,BALANCED
04_HA,7,Cal,Non-human Mammal,0.0003,0.3628,0.0008,-0.0,BALANCED
04_HA,8,Orig,Human,0.1858,0.4773,0.1815,-0.1696,UNDERCONF
04_HA,8,Orig,Avian,0.0252,0.4313,0.0224,0.0043,BALANCED
04_HA,8,Orig,Non-human Mammal,0.172,0.4097,0.1654,0.1654,OVERCONF
04_HA,8,Cal,Human,0.001,0.2471,0.001,-0.0008,BALANCED
04_HA,8,Cal,Avian,0.0008,0.7401,0.0008,0.0008,BALANCED
04_HA,8,Cal,Non-human Mammal,0.0003,0.3772,0.0008,0.0001,BALANCED
04_HA,9,Orig,Human,0.1944,0.4818,0.1901,-0.1784,UNDERCONF
04_HA,9,Orig,Avian,0.0329,0.4164,0.0277,0.0105,BALANCED
04_HA,9,Orig,Non-human Mammal,0.1773,0.4165,0.1679,0.1679,OVERCONF
04_HA,9,Cal,Human,0.0011,0.1969,0.0016,-0.0008,BALANCED
04_HA,9,Cal,Avian,0.0009,0.4199,0.0007,0.0006,BALANCED
04_HA,9,Cal,Non-human Mammal,0.0002,0.2073,0.0009,0.0002,BALANCED
05_NP,0,Orig,Human,0.1205,0.4441,0.1188,-0.1152,UNDERCONF
05_NP,0,Orig,Avian,0.0207,0.4672,0.0197,0.0117,BALANCED
05_NP,0,Orig,Non-human Mammal,0.1056,0.391,0.1035,0.1035,OVERCONF
05_NP,0,Cal,Human,0.0023,0.3506,0.0016,-0.0016,BALANCED
05_NP,0,Cal,Avian,0.0016,0.649,0.0018,0.0016,BALANCED
05_NP,0,Cal,Non-human Mammal,0.0011,0.3109,0.0009,0.0,BALANCED
05_NP,1,Orig,Human,0.1156,0.5759,0.1147,-0.1119,UNDERCONF
05_NP,1,Orig,Avian,0.0198,0.3352,0.0184,0.011,BALANCED
05_NP,1,Orig,Non-human Mammal,0.1033,0.4317,0.1009,0.1009,OVERCONF
05_NP,1,Cal,Human,0.0018,0.3083,0.0012,-0.0012,BALANCED
05_NP,1,Cal,Avian,0.0013,0.5516,0.0013,0.0012,BALANCED
05_NP,1,Cal,Non-human Mammal,0.0008,0.3424,0.0013,-0.0,BALANCED
05_NP,2,Orig,Human,0.1049,0.4468,0.1029,-0.102,UNDERCONF
05_NP,2,Orig,Avian,0.0149,0.5372,0.0141,0.0118,BALANCED
05_NP,2,Orig,Non-human Mammal,0.093,0.3935,0.0902,0.0901,OVERCONF
05_NP,2,Cal,Human,0.0024,0.4577,0.0017,-0.0013,BALANCED
05_NP,2,Cal,Avian,0.0014,0.1443,0.0015,0.0014,BALANCED
05_NP,2,Cal,Non-human Mammal,0.0015,0.4732,0.0005,-0.0001,BALANCED
05_NP,3,Orig,Human,0.1342,0.453,0.1281,-0.1201,UNDERCONF
05_NP,3,Orig,Avian,0.0325,0.3526,0.0309,0.0144,BALANCED
05_NP,3,Orig,Non-human Mammal,0.1137,0.3275,0.1057,0.1057,OVERCONF
05_NP,3,Cal,Human,0.0019,0.2229,0.0013,-0.0013,BALANCED
05_NP,3,Cal,Avian,0.0014,0.6641,0.0016,0.0014,BALANCED
05_NP,3,Cal,Non-human Mammal,0.001,0.2799,0.0008,-0.0001,BALANCED
05_NP,4,Orig,Human,0.1447,0.6272,0.1437,-0.1387,UNDERCONF
05_NP,4,Orig,Avian,0.0169,0.6278,0.0158,0.0067,BALANCED
05_NP,4,Orig,Non-human Mammal,0.1334,0.5341,0.132,0.1319,OVERCONF
05_NP,4,Cal,Human,0.0025,0.4253,0.0014,-0.0013,BALANCED
05_NP,4,Cal,Avian,0.0013,0.4873,0.0012,0.001,BALANCED
05_NP,4,Cal,Non-human Mammal,0.0013,0.4589,0.0009,0.0003,BALANCED
05_NP,5,Orig,Human,0.1216,0.5954,0.1197,-0.1159,UNDERCONF
05_NP,5,Orig,Avian,0.0272,0.3781,0.026,0.0142,BALANCED
05_NP,5,Orig,Non-human Mammal,0.1032,0.4208,0.1017,0.1017,OVERCONF
05_NP,5,Cal,Human,0.0025,0.5283,0.0013,-0.0013,BALANCED
05_NP,5,Cal,Avian,0.0011,0.5225,0.001,0.0008,BALANCED
05_NP,5,Cal,Non-human Mammal,0.0016,0.5392,0.0014,0.0005,BALANCED
05_NP,6,Orig,Human,0.1327,0.452,0.1276,-0.1246,UNDERCONF
05_NP,6,Orig,Avian,0.0252,0.4132,0.0247,0.0172,BALANCED
05_NP,6,Orig,Non-human Mammal,0.1141,0.3767,0.1074,0.1074,OVERCONF
05_NP,6,Cal,Human,0.0025,0.2227,0.0019,-0.0015,BALANCED
05_NP,6,Cal,Avian,0.0021,0.7107,0.0022,0.002,BALANCED
05_NP,6,Cal,Non-human Mammal,0.001,0.1901,0.0023,-0.0005,BALANCED
05_NP,7,Orig,Human,0.069,0.4729,0.0658,-0.0598,UNDERCONF
05_NP,7,Orig,Avian,0.0135,0.5565,0.0116,0.0008,BALANCED
05_NP,7,Orig,Non-human Mammal,0.0627,0.4366,0.059,0.059,OVERCONF
05_NP,7,Cal,Human,0.002,0.4309,0.0016,-0.0016,BALANCED
05_NP,7,Cal,Avian,0.0019,0.5462,0.0016,0.0015,BALANCED
05_NP,7,Cal,Non-human Mammal,0.0003,0.4286,0.0005,0.0,BALANCED
05_NP,8,Orig,Human,0.1166,0.5823,0.1142,-0.1089,UNDERCONF
05_NP,8,Orig,Avian,0.0255,0.4437,0.0241,0.0131,BALANCED
05_NP,8,Orig,Non-human Mammal,0.0992,0.4992,0.0958,0.0958,OVERCONF
05_NP,8,Cal,Human,0.0022,0.2588,0.0014,-0.0014,BALANCED
05_NP,8,Cal,Avian,0.0014,0.334,0.0013,0.0011,BALANCED
05_NP,8,Cal,Non-human Mammal,0.0014,0.4655,0.0013,0.0003,BALANCED
05_NP,9,Orig,Human,0.1068,0.5907,0.1061,-0.103,UNDERCONF
05_NP,9,Orig,Avian,0.0157,0.3259,0.0149,0.0101,BALANCED
05_NP,9,Orig,Non-human Mammal,0.0955,0.395,0.093,0.0929,OVERCONF
05_NP,9,Cal,Human,0.002,0.4195,0.0015,-0.0014,BALANCED
05_NP,9,Cal,Avian,0.0013,0.432,0.0015,0.0013,BALANCED
05_NP,9,Cal,Non-human Mammal,0.001,0.432,0.0009,0.0001,BALANCED
06_NA,0,Orig,Human,0.1396,0.4671,0.1378,-0.134,UNDERCONF
06_NA,0,Orig,Avian,0.024,0.2857,0.0207,0.0108,BALANCED
06_NA,0,Orig,Non-human Mammal,0.1281,0.3039,0.1232,0.1232,OVERCONF
06_NA,0,Cal,Human,0.001,0.2542,0.0009,-0.0008,BALANCED
06_NA,0,Cal,Avian,0.0008,0.5602,0.0009,0.0008,BALANCED
06_NA,0,Cal,Non-human Mammal,0.0004,0.156,0.0008,0.0001,BALANCED
06_NA,1,Orig,Human,0.1648,0.5829,0.1626,-0.1607,UNDERCONF
06_NA,1,Orig,Avian,0.0262,0.32,0.0208,0.0138,BALANCED
06_NA,1,Orig,Non-human Mammal,0.1513,0.3755,0.1469,0.1469,OVERCONF
06_NA,1,Cal,Human,0.001,0.2808,0.001,-0.0009,BALANCED
06_NA,1,Cal,Avian,0.001,0.3518,0.0012,0.001,BALANCED
06_NA,1,Cal,Non-human Mammal,0.0006,0.3056,0.0007,-0.0001,BALANCED
06_NA,2,Orig,Human,0.1236,0.5829,0.1229,-0.1203,UNDERCONF
06_NA,2,Orig,Avian,0.0189,0.3733,0.0131,0.0086,BALANCED
06_NA,2,Orig,Non-human Mammal,0.1143,0.4647,0.1117,0.1117,OVERCONF
06_NA,2,Cal,Human,0.0014,0.3616,0.001,-0.001,BALANCED
06_NA,2,Cal,Avian,0.0009,0.6492,0.001,0.0009,BALANCED
06_NA,2,Cal,Non-human Mammal,0.0005,0.3141,0.0008,0.0002,BALANCED
06_NA,3,Orig,Human,0.1988,0.5159,0.1946,-0.1884,UNDERCONF
06_NA,3,Orig,Avian,0.033,0.3455,0.0278,0.0115,BALANCED
06_NA,3,Orig,Non-human Mammal,0.1861,0.3776,0.1769,0.1769,OVERCONF
06_NA,3,Cal,Human,0.0011,0.4656,0.0011,-0.0008,BALANCED
06_NA,3,Cal,Avian,0.001,0.7881,0.0011,0.001,BALANCED
06_NA,3,Cal,Non-human Mammal,0.0004,0.4678,0.001,-0.0001,BALANCED
06_NA,4,Orig,Human,0.2145,0.5802,0.2102,-0.2009,UNDERCONF
06_NA,4,Orig,Avian,0.0323,0.377,0.0267,0.0096,BALANCED
06_NA,4,Orig,Non-human Mammal,0.1992,0.4563,0.1912,0.1912,OVERCONF
06_NA,4,Cal,Human,0.0014,0.383,0.0011,-0.001,BALANCED
06_NA,4,Cal,Avian,0.0008,0.3705,0.001,0.0008,BALANCED
06_NA,4,Cal,Non-human Mammal,0.0005,0.6737,0.0012,0.0002,BALANCED
06_NA,5,Orig,Human,0.1993,0.5652,0.1963,-0.19,UNDERCONF
06_NA,5,Orig,Avian,0.0316,0.3387,0.0263,0.0116,BALANCED
06_NA,5,Orig,Non-human Mammal,0.1859,0.364,0.1784,0.1784,OVERCONF
06_NA,5,Cal,Human,0.0012,0.5542,0.0009,-0.0009,BALANCED
06_NA,5,Cal,Avian,0.0009,0.228,0.001,0.0009,BALANCED
06_NA,5,Cal,Non-human Mammal,0.0002,0.3617,0.0007,-0.0,BALANCED
06_NA,6,Orig,Human,0.2325,0.5,0.2285,-0.2239,UNDERCONF
06_NA,6,Orig,Avian,0.028,0.461,0.0229,0.0147,BALANCED
06_NA,6,Orig,Non-human Mammal,0.2199,0.3753,0.2092,0.2092,OVERCONF
06_NA,6,Cal,Human,0.0015,0.3831,0.001,-0.0008,BALANCED
06_NA,6,Cal,Avian,0.0011,0.1198,0.0012,0.0011,BALANCED
06_NA,6,Cal,Non-human Mammal,0.0008,0.3628,0.0012,-0.0002,BALANCED
06_NA,7,Orig,Human,0.2316,0.5232,0.2287,-0.2237,UNDERCONF
06_NA,7,Orig,Avian,0.0279,0.3836,0.0235,0.014,BALANCED
06_NA,7,Orig,Non-human Mammal,0.2166,0.4076,0.2097,0.2097,OVERCONF
06_NA,7,Cal,Human,0.0011,0.2535,0.0011,-0.0009,BALANCED
06_NA,7,Cal,Avian,0.001,0.7323,0.001,0.0009,BALANCED
06_NA,7,Cal,Non-human Mammal,0.0004,0.2931,0.0011,-0.0001,BALANCED
06_NA,8,Orig,Human,0.1858,0.453,0.1826,-0.1777,UNDERCONF
06_NA,8,Orig,Avian,0.0246,0.3497,0.0199,0.0102,BALANCED
06_NA,8,Orig,Non-human Mammal,0.1753,0.339,0.1676,0.1676,OVERCONF
06_NA,8,Cal,Human,0.0014,0.4443,0.001,-0.0007,BALANCED
06_NA,8,Cal,Avian,0.0011,0.7607,0.0011,0.001,BALANCED
06_NA,8,Cal,Non-human Mammal,0.0005,0.4486,0.0008,-0.0003,BALANCED
06_NA,9,Orig,Human,0.1604,0.575,0.158,-0.1546,UNDERCONF
06_NA,9,Orig,Avian,0.0322,0.3742,0.0265,0.0059,BALANCED
06_NA,9,Orig,Non-human Mammal,0.152,0.4178,0.1487,0.1487,OVERCONF
06_NA,9,Cal,Human,0.001,0.3623,0.0009,-0.0007,BALANCED
06_NA,9,Cal,Avian,0.0005,0.4436,0.0006,0.0005,BALANCED
06_NA,9,Cal,Non-human Mammal,0.0006,0.3467,0.0008,0.0002,BALANCED
07_MP,0,Orig,Human,0.0975,0.5968,0.0929,-0.0908,UNDERCONF
07_MP,0,Orig,Avian,0.0192,0.568,0.0147,0.0081,BALANCED
07_MP,0,Orig,Non-human Mammal,0.0866,0.5083,0.0827,0.0827,OVERCONF
07_MP,0,Cal,Human,0.0017,0.7252,0.0015,-0.0013,BALANCED
07_MP,0,Cal,Avian,0.0011,0.3543,0.0012,0.0011,BALANCED
07_MP,0,Cal,Non-human Mammal,0.0005,0.7378,0.0017,0.0002,BALANCED
07_MP,1,Orig,Human,0.115,0.5344,0.1101,-0.1093,UNDERCONF
07_MP,1,Orig,Avian,0.0083,0.6394,0.0061,0.0031,BALANCED
07_MP,1,Orig,Non-human Mammal,0.1122,0.5424,0.1062,0.1062,OVERCONF
07_MP,1,Cal,Human,0.0018,0.2672,0.0016,-0.0012,BALANCED
07_MP,1,Cal,Avian,0.0015,0.8523,0.0017,0.0015,BALANCED
07_MP,1,Cal,Non-human Mammal,0.0004,0.385,0.002,-0.0003,BALANCED
07_MP,2,Orig,Human,0.0815,0.4968,0.0743,-0.0724,UNDERCONF
07_MP,2,Orig,Avian,0.0125,0.68,0.0108,0.0057,BALANCED
07_MP,2,Orig,Non-human Mammal,0.0748,0.4296,0.0667,0.0667,OVERCONF
07_MP,2,Cal,Human,0.0019,0.5357,0.0016,-0.0012,BALANCED
07_MP,2,Cal,Avian,0.0016,0.8677,0.0018,0.0016,BALANCED
07_MP,2,Cal,Non-human Mammal,0.0006,0.6695,0.0012,-0.0004,BALANCED
07_MP,3,Orig,Human,0.074,0.5571,0.0693,-0.0669,UNDERCONF
07_MP,3,Orig,Avian,0.0154,0.3616,0.011,0.0003,BALANCED
07_MP,3,Orig,Non-human Mammal,0.0718,0.559,0.0666,0.0666,OVERCONF
07_MP,3,Cal,Human,0.0016,0.3806,0.0013,-0.0012,BALANCED
07_MP,3,Cal,Avian,0.0014,0.254,0.0014,0.0013,BALANCED
07_MP,3,Cal,Non-human Mammal,0.0003,0.3821,0.001,-0.0001,BALANCED
07_MP,4,Orig,Human,0.0804,0.5529,0.0764,-0.0757,UNDERCONF
07_MP,4,Orig,Avian,0.0124,0.4154,0.0092,0.0052,BALANCED
07_MP,4,Orig,Non-human Mammal,0.0753,0.517,0.0705,0.0705,OVERCONF
07_MP,4,Cal,Human,0.0016,0.1371,0.0013,-0.0012,BALANCED
07_MP,4,Cal,Avian,0.0015,0.2648,0.0015,0.0014,BALANCED
07_MP,4,Cal,Non-human Mammal,0.0005,0.1354,0.0011,-0.0002,BALANCED
07_MP,5,Orig,Human,0.0468,0.4226,0.0386,-0.0366,UNDERCONF
07_MP,5,Orig,Avian,0.0075,0.5435,0.0048,-0.0006,BALANCED
07_MP,5,Orig,Non-human Mammal,0.0452,0.4172,0.0372,0.0372,OVERCONF
07_MP,5,Cal,Human,0.0013,0.3684,0.0012,-0.0011,BALANCED
07_MP,5,Cal,Avian,0.0015,0.7966,0.0015,0.0014,BALANCED
07_MP,5,Cal,Non-human Mammal,0.0005,0.3097,0.0015,-0.0003,BALANCED
07_MP,6,Orig,Human,0.0881,0.5716,0.0837,-0.0812,UNDERCONF
07_MP,6,Orig,Avian,0.0191,0.4894,0.0149,0.0053,BALANCED
07_MP,6,Orig,Non-human Mammal,0.0803,0.5961,0.0759,0.0759,OVERCONF
07_MP,6,Cal,Human,0.0017,0.4536,0.0015,-0.0014,BALANCED
07_MP,6,Cal,Avian,0.0016,0.8057,0.0017,0.0015,BALANCED
07_MP,6,Cal,Non-human Mammal,0.0004,0.2926,0.001,-0.0001,BALANCED
07_MP,7,Orig,Human,0.0748,0.4976,0.0691,-0.0661,UNDERCONF
07_MP,7,Orig,Avian,0.0132,0.488,0.0095,0.0015,BALANCED
07_MP,7,Orig,Non-human Mammal,0.0698,0.4889,0.0645,0.0645,OVERCONF
07_MP,7,Cal,Human,0.0018,0.1928,0.0014,-0.0012,BALANCED
07_MP,7,Cal,Avian,0.0014,0.4787,0.0015,0.0014,BALANCED
07_MP,7,Cal,Non-human Mammal,0.0007,0.1864,0.0011,-0.0002,BALANCED
07_MP,8,Orig,Human,0.0801,0.4982,0.0746,-0.0725,UNDERCONF
07_MP,8,Orig,Avian,0.0174,0.4773,0.0127,0.0031,BALANCED
07_MP,8,Orig,Non-human Mammal,0.0741,0.4769,0.0694,0.0694,OVERCONF
07_MP,8,Cal,Human,0.0019,0.3068,0.0016,-0.0009,BALANCED
07_MP,8,Cal,Avian,0.0013,0.6681,0.0015,0.0013,BALANCED
07_MP,8,Cal,Non-human Mammal,0.0011,0.3399,0.0011,-0.0004,BALANCED
07_MP,9,Orig,Human,0.09,0.5221,0.0854,-0.0846,UNDERCONF
07_MP,9,Orig,Avian,0.0114,0.5322,0.009,0.0046,BALANCED
07_MP,9,Orig,Non-human Mammal,0.0849,0.5065,0.08,0.08,OVERCONF
07_MP,9,Cal,Human,0.0018,0.3494,0.0015,-0.0012,BALANCED
07_MP,9,Cal,Avian,0.0016,0.0131,0.0018,0.0016,BALANCED
07_MP,9,Cal,Non-human Mammal,0.0006,0.3583,0.0012,-0.0004,BALANCED
08_NS,0,Orig,Human,0.0589,0.4928,0.054,-0.0514,UNDERCONF
08_NS,0,Orig,Avian,0.0148,0.3391,0.0114,-0.0045,BALANCED
08_NS,0,Orig,Non-human Mammal,0.0579,0.4288,0.0559,0.0559,OVERCONF
08_NS,0,Cal,Human,0.0014,0.3432,0.0012,-0.0011,BALANCED
08_NS,0,Cal,Avian,0.0009,0.755,0.0014,0.0006,BALANCED
08_NS,0,Cal,Non-human Mammal,0.0006,0.3453,0.0011,0.0005,BALANCED
08_NS,1,Orig,Human,0.0713,0.4583,0.0664,-0.0633,UNDERCONF
08_NS,1,Orig,Avian,0.0137,0.3867,0.0096,0.0004,BALANCED
08_NS,1,Orig,Non-human Mammal,0.0667,0.3912,0.0629,0.0629,OVERCONF
08_NS,1,Cal,Human,0.0014,0.1994,0.0013,-0.0013,BALANCED
08_NS,1,Cal,Avian,0.0011,0.6111,0.0012,0.0011,BALANCED
08_NS,1,Cal,Non-human Mammal,0.0006,0.4021,0.0014,0.0002,BALANCED
08_NS,2,Orig,Human,0.0843,0.4742,0.0787,-0.0768,UNDERCONF
08_NS,2,Orig,Avian,0.0161,0.4077,0.0105,0.0043,BALANCED
08_NS,2,Orig,Non-human Mammal,0.0763,0.4254,0.0725,0.0725,OVERCONF
08_NS,2,Cal,Human,0.0016,0.3737,0.0014,-0.0014,BALANCED
08_NS,2,Cal,Avian,0.0011,0.6613,0.0011,0.001,BALANCED
08_NS,2,Cal,Non-human Mammal,0.0006,0.4593,0.0019,0.0003,BALANCED
08_NS,3,Orig,Human,0.1346,0.5632,0.1288,-0.1259,UNDERCONF
08_NS,3,Orig,Avian,0.0215,0.3308,0.0149,0.0022,BALANCED
08_NS,3,Orig,Non-human Mammal,0.1266,0.492,0.1236,0.1236,OVERCONF
08_NS,3,Cal,Human,0.0018,0.6546,0.0015,-0.0015,BALANCED
08_NS,3,Cal,Avian,0.001,0.6205,0.0011,0.0009,BALANCED
08_NS,3,Cal,Non-human Mammal,0.0009,0.6801,0.0019,0.0005,BALANCED
08_NS,4,Orig,Human,0.0878,0.4569,0.0815,-0.0773,UNDERCONF
08_NS,4,Orig,Avian,0.0255,0.385,0.0186,0.004,BALANCED
08_NS,4,Orig,Non-human Mammal,0.0764,0.4681,0.0734,0.0734,OVERCONF
08_NS,4,Cal,Human,0.0016,0.4586,0.0012,-0.0012,BALANCED
08_NS,4,Cal,Avian,0.0012,0.4442,0.0012,0.0005,BALANCED
08_NS,4,Cal,Non-human Mammal,0.0009,0.3161,0.0019,0.0007,BALANCED
08_NS,5,Orig,Human,0.081,0.493,0.0777,-0.0767,UNDERCONF
08_NS,5,Orig,Avian,0.0153,0.4625,0.0104,0.0062,BALANCED
08_NS,5,Orig,Non-human Mammal,0.0739,0.4654,0.0705,0.0705,OVERCONF
08_NS,5,Cal,Human,0.0016,0.4126,0.0013,-0.0013,BALANCED
08_NS,5,Cal,Avian,0.0011,0.3229,0.0011,0.001,BALANCED
08_NS,5,Cal,Non-human Mammal,0.0006,0.411,0.0012,0.0003,BALANCED
08_NS,6,Orig,Human,0.075,0.4409,0.0695,-0.0675,UNDERCONF
08_NS,6,Orig,Avian,0.0203,0.5387,0.0137,0.0017,BALANCED
08_NS,6,Orig,Non-human Mammal,0.0683,0.406,0.0658,0.0658,OVERCONF
08_NS,6,Cal,Human,0.0015,0.3474,0.0013,-0.0013,BALANCED
08_NS,6,Cal,Avian,0.001,0.6523,0.0014,0.0008,BALANCED
08_NS,6,Cal,Non-human Mammal,0.0007,0.1917,0.0012,0.0005,BALANCED
08_NS,7,Orig,Human,0.0663,0.5201,0.0644,-0.0644,UNDERCONF
08_NS,7,Orig,Avian,0.014,0.444,0.0096,0.0051,BALANCED
08_NS,7,Orig,Non-human Mammal,0.0605,0.4896,0.0592,0.0592,OVERCONF
08_NS,7,Cal,Human,0.0016,0.2546,0.0014,-0.0014,BALANCED
08_NS,7,Cal,Avian,0.0011,0.738,0.0011,0.001,BALANCED
08_NS,7,Cal,Non-human Mammal,0.0005,0.2302,0.0013,0.0004,BALANCED
08_NS,8,Orig,Human,0.1173,0.5534,0.1113,-0.1068,UNDERCONF
08_NS,8,Orig,Avian,0.0233,0.3763,0.0166,0.002,BALANCED
08_NS,8,Orig,Non-human Mammal,0.1081,0.4728,0.1048,0.1048,OVERCONF
08_NS,8,Cal,Human,0.0015,0.2526,0.0014,-0.0014,BALANCED
08_NS,8,Cal,Avian,0.001,0.6944,0.001,0.001,BALANCED
08_NS,8,Cal,Non-human Mammal,0.0007,0.3076,0.0019,0.0004,BALANCED
08_NS,9,Orig,Human,0.0889,0.5333,0.0856,-0.0847,UNDERCONF
08_NS,9,Orig,Avian,0.0101,0.5167,0.0065,0.001,BALANCED
08_NS,9,Orig,Non-human Mammal,0.0846,0.4287,0.0837,0.0837,OVERCONF
08_NS,9,Cal,Human,0.0015,0.4495,0.0014,-0.0014,BALANCED
08_NS,9,Cal,Avian,0.0009,0.671,0.001,0.0009,BALANCED
08_NS,9,Cal,Non-human Mammal,0.0007,0.7089,0.0013,0.0005,BALANCED
