Sequence_ID,Isolate_Name,Host,Mutation,Host-Adaptive Distance,SHAP_Total_627,SHAP_627_Pos1_A,SHAP_627_Pos2_A,SHAP_627_Pos3_G,Top_20_Positive_Sites
EPI439504,A/Anhui/1/2013,Human,E627K,1.1354,0.1254,0.1411,0.0168,-0.0325,Pos 1879(A): 0.1411; Pos 1875(G): 0.0525; Pos 1883(A): 0.0428; Pos 1878(G): 0.0299; Pos 1876(C): 0.0183; Pos 840(T): 0.0172; Pos 1880(A): 0.0168; Pos 1877(C): 0.0163; Pos 1884(G): 0.0105; Pos 1758(A): 0.0095; Pos 1800(C): 0.0087; Pos 501(A): 0.0087; Pos 1770(C): 0.0075; Pos 522(C): 0.0072; Pos 2034(C): 0.0066; Pos 694(T): 0.0064; Pos 1874(C): 0.0063; Pos 864(G): 0.0060; Pos 876(T): 0.0056; Pos 504(C): 0.0055
EPI439488,A/Shanghai/1/2013,Human,E627K,1.0636,0.098,0.1189,0.0263,-0.0472,Pos 1879(A): 0.1189; Pos 1875(G): 0.0462; Pos 1876(C): 0.0309; Pos 1873(C): 0.0286; Pos 1880(A): 0.0263; Pos 390(C): 0.0188; Pos 1884(G): 0.0175; Pos 1158(G): 0.0147; Pos 1749(A): 0.0115; Pos 450(C): 0.0114; Pos 456(A): 0.0099; Pos 429(C): 0.0081; Pos 1883(A): 0.0077; Pos 264(A): 0.0069; Pos 1740(T): 0.0068; Pos 1532(T): 0.0064; Pos 619(T): 0.0064; Pos 285(T): 0.0063; Pos 1183(T): 0.0062; Pos 182(A): 0.0058
EPI447728,A/Henan/01/2013,Human,E627K,1.1391,0.0955,0.0981,0.0222,-0.0248,Pos 1879(A): 0.0981; Pos 1875(G): 0.0479; Pos 1873(C): 0.0232; Pos 1876(C): 0.0232; Pos 1880(A): 0.0222; Pos 390(C): 0.0200; Pos 1884(G): 0.0191; Pos 1158(G): 0.0136; Pos 456(A): 0.0108; Pos 450(C): 0.0099; Pos 429(C): 0.0089; Pos 1749(A): 0.0085; Pos 264(A): 0.0080; Pos 1740(T): 0.0070; Pos 1182(C): 0.0069; Pos 285(T): 0.0066; Pos 1883(A): 0.0060; Pos 1983(A): 0.0058; Pos 2094(C): 0.0056; Pos 619(T): 0.0055
EPI447700,A/Hunan/01/2013,Human,E627K,1.1867,0.0909,0.0946,0.0441,-0.0478,Pos 1879(A): 0.0946; Pos 1875(G): 0.0710; Pos 1876(C): 0.0572; Pos 1880(A): 0.0441; Pos 1882(C): 0.0366; Pos 1874(C): 0.0282; Pos 1740(T): 0.0229; Pos 2052(A): 0.0226; Pos 1731(T): 0.0179; Pos 1873(C): 0.0177; Pos 1883(A): 0.0147; Pos 1770(C): 0.0138; Pos 1814(A): 0.0131; Pos 1755(T): 0.0130; Pos 1704(T): 0.0124; Pos 2028(G): 0.0124; Pos 1773(A): 0.0120; Pos 1758(A): 0.0111; Pos 1947(G): 0.0103; Pos 1962(T): 0.0100
EPI447672,A/Jiangsu/07/2013,Human,E627K,1.1398,0.09,0.1112,0.0364,-0.0576,Pos 1879(A): 0.1112; Pos 1875(G): 0.0824; Pos 1876(C): 0.0466; Pos 1880(A): 0.0364; Pos 1882(C): 0.0316; Pos 2052(A): 0.0267; Pos 1874(C): 0.0204; Pos 1740(T): 0.0188; Pos 1883(A): 0.0134; Pos 1731(T): 0.0131; Pos 2028(G): 0.0117; Pos 1873(C): 0.0116; Pos 1773(A): 0.0109; Pos 2043(G): 0.0102; Pos 1814(A): 0.0101; Pos 1704(T): 0.0096; Pos 1749(A): 0.0091; Pos 1947(G): 0.0088; Pos 1818(A): 0.0086; Pos 1962(T): 0.0084
EPI509143,A/Guangxi/08971/2014,Human,E627K,1.091,0.0873,0.1162,0.0346,-0.0635,Pos 1879(A): 0.1162; Pos 1875(G): 0.0919; Pos 1876(C): 0.0542; Pos 1882(C): 0.0371; Pos 1880(A): 0.0346; Pos 1947(G): 0.0236; Pos 1740(T): 0.0215; Pos 2052(A): 0.0201; Pos 1874(C): 0.0200; Pos 1883(A): 0.0197; Pos 1704(T): 0.0165; Pos 1731(T): 0.0156; Pos 2027(T): 0.0147; Pos 1701(C): 0.0138; Pos 2019(T): 0.0130; Pos 2026(G): 0.0123; Pos 1873(C): 0.0107; Pos 1758(A): 0.0100; Pos 1955(A): 0.0093; Pos 1434(G): 0.0089
EPI439495,A/Shanghai/2/2013,Human,E627K,1.2094,0.0873,0.1048,0.0417,-0.0592,Pos 1879(A): 0.1048; Pos 1875(G): 0.0809; Pos 1876(C): 0.0524; Pos 1880(A): 0.0417; Pos 1882(C): 0.0401; Pos 1874(C): 0.0342; Pos 2052(A): 0.0234; Pos 1740(T): 0.0218; Pos 1883(A): 0.0201; Pos 1731(T): 0.0189; Pos 1873(C): 0.0148; Pos 1704(T): 0.0120; Pos 2028(G): 0.0115; Pos 1755(T): 0.0096; Pos 1962(T): 0.0095; Pos 1758(A): 0.0095; Pos 1434(G): 0.0095; Pos 1814(A): 0.0091; Pos 837(G): 0.0086; Pos 1953(C): 0.0082
EPI447763,A/Shanghai/8/2013,Human,E627K,1.1155,0.081,0.1081,0.0251,-0.0522,Pos 1879(A): 0.1081; Pos 1875(G): 0.0538; Pos 1876(C): 0.0282; Pos 1873(C): 0.0264; Pos 1880(A): 0.0251; Pos 1884(G): 0.0215; Pos 390(C): 0.0199; Pos 1158(G): 0.0133; Pos 1749(A): 0.0126; Pos 429(C): 0.0088; Pos 264(A): 0.0078; Pos 456(A): 0.0071; Pos 450(C): 0.0069; Pos 597(C): 0.0069; Pos 1212(C): 0.0064; Pos 1182(C): 0.0063; Pos 1824(A): 0.0058; Pos 1908(A): 0.0057; Pos 1740(T): 0.0056; Pos 1440(T): 0.0054
EPI509095,A/Fujian/03/2013,Human,E627K,1.135,0.081,0.0926,0.0348,-0.0464,Pos 1879(A): 0.0926; Pos 1875(G): 0.0726; Pos 1876(C): 0.0454; Pos 1882(C): 0.0386; Pos 1880(A): 0.0348; Pos 2052(A): 0.0193; Pos 1874(C): 0.0179; Pos 1731(T): 0.0173; Pos 1740(T): 0.0160; Pos 1883(A): 0.0129; Pos 2028(G): 0.0114; Pos 1704(T): 0.0110; Pos 1873(C): 0.0101; Pos 1737(C): 0.0097; Pos 1758(A): 0.0084; Pos 1749(A): 0.0081; Pos 1962(T): 0.0078; Pos 1833(C): 0.0077; Pos 1770(C): 0.0076; Pos 1693(T): 0.0076
EPI447785,A/Shanghai/13/2013,Human,E627K,1.205,0.0668,0.0932,0.0327,-0.059,Pos 1879(A): 0.0932; Pos 1875(G): 0.0856; Pos 1876(C): 0.0518; Pos 1882(C): 0.0356; Pos 1880(A): 0.0327; Pos 2052(A): 0.0270; Pos 1874(C): 0.0215; Pos 1740(T): 0.0205; Pos 1883(A): 0.0163; Pos 1731(T): 0.0157; Pos 1701(C): 0.0141; Pos 1814(A): 0.0133; Pos 1773(A): 0.0115; Pos 1758(A): 0.0109; Pos 1953(C): 0.0098; Pos 1947(G): 0.0087; Pos 1833(C): 0.0087; Pos 1962(T): 0.0084; Pos 1749(A): 0.0083; Pos 1770(C): 0.0081
EPI509144,A/Guangxi/08309/2014,Human,E627K,0.9292,0.0605,0.1027,0.0062,-0.0483,Pos 1879(A): 0.1027; Pos 1875(G): 0.0371; Pos 1883(A): 0.0241; Pos 1221(A): 0.0206; Pos 1876(C): 0.0176; Pos 336(A): 0.0173; Pos 1882(C): 0.0136; Pos 1908(A): 0.0128; Pos 330(T): 0.0107; Pos 2022(C): 0.0101; Pos 1674(A): 0.0095; Pos 2027(T): 0.0091; Pos 1527(A): 0.0090; Pos 1578(G): 0.0088; Pos 570(G): 0.0085; Pos 429(C): 0.0084; Pos 1584(T): 0.0081; Pos 1896(G): 0.0080; Pos 966(C): 0.0080; Pos 1905(T): 0.0077
EPI509127,A/Hebei/01/2013,Human,E627K,1.2432,0.0581,0.0827,-0.0015,-0.0231,Pos 1879(A): 0.0827; Pos 1875(G): 0.0412; Pos 1731(T): 0.0111; Pos 1873(C): 0.0103; Pos 1884(G): 0.0101; Pos 1883(A): 0.0100; Pos 1908(A): 0.0081; Pos 1434(G): 0.0081; Pos 837(G): 0.0081; Pos 1740(T): 0.0079; Pos 1752(G): 0.0076; Pos 1747(C): 0.0070; Pos 1629(A): 0.0062; Pos 1320(G): 0.0061; Pos 828(G): 0.0061; Pos 1902(T): 0.0060; Pos 1877(C): 0.0060; Pos 1305(G): 0.0053; Pos 1313(T): 0.0052; Pos 1243(A): 0.0045
EPI509128,A/Guangxi/08970/2014,Human,E627K,1.1164,0.0535,0.0944,0.0066,-0.0476,Pos 1879(A): 0.0944; Pos 1875(G): 0.0344; Pos 1883(A): 0.0200; Pos 2022(C): 0.0191; Pos 2028(G): 0.0165; Pos 336(A): 0.0155; Pos 1221(A): 0.0154; Pos 1876(C): 0.0128; Pos 1882(C): 0.0126; Pos 1578(G): 0.0114; Pos 1908(A): 0.0107; Pos 330(T): 0.0105; Pos 2094(C): 0.0104; Pos 570(G): 0.0087; Pos 558(C): 0.0085; Pos 2057(T): 0.0084; Pos 1896(G): 0.0080; Pos 1263(C): 0.0076; Pos 1527(A): 0.0075; Pos 1905(T): 0.0074
EPI447778,A/Shanghai/14/2013,Human,E627K,1.2226,0.0521,0.0744,-0.0021,-0.0202,Pos 1879(A): 0.0744; Pos 1875(G): 0.0428; Pos 1873(C): 0.0117; Pos 1518(C): 0.0108; Pos 1883(A): 0.0102; Pos 1908(A): 0.0092; Pos 1434(G): 0.0089; Pos 1884(G): 0.0088; Pos 2071(T): 0.0085; Pos 1629(A): 0.0078; Pos 1320(G): 0.0077; Pos 1752(G): 0.0075; Pos 837(G): 0.0075; Pos 1747(C): 0.0069; Pos 2034(C): 0.0069; Pos 1731(T): 0.0065; Pos 1902(T): 0.0064; Pos 1440(T): 0.0061; Pos 873(G): 0.0053; Pos 834(T): 0.0050
EPI509055,A/Henan/02/2013,Human,E627K,1.0405,0.0429,0.0665,0.0167,-0.0403,Pos 1875(G): 0.0867; Pos 1879(A): 0.0665; Pos 1883(A): 0.0271; Pos 1876(C): 0.0198; Pos 522(C): 0.0190; Pos 1880(A): 0.0167; Pos 1884(G): 0.0156; Pos 1407(C): 0.0141; Pos 525(A): 0.0136; Pos 1873(C): 0.0129; Pos 600(T): 0.0115; Pos 1815(C): 0.0109; Pos 591(A): 0.0109; Pos 1774(T): 0.0109; Pos 1554(T): 0.0101; Pos 526(A): 0.0098; Pos 768(T): 0.0096; Pos 696(G): 0.0093; Pos 1740(T): 0.0093; Pos 2071(T): 0.0086
EPI447770,A/Shanghai/17/2013,Human,E627K,1.2207,0.0428,0.0708,0.0025,-0.0304,Pos 1879(A): 0.0708; Pos 1875(G): 0.0205; Pos 336(A): 0.0157; Pos 2037(C): 0.0152; Pos 1883(A): 0.0130; Pos 2034(C): 0.0122; Pos 1882(C): 0.0106; Pos 330(T): 0.0097; Pos 1876(C): 0.0091; Pos 2094(C): 0.0083; Pos 1641(T): 0.0077; Pos 1638(A): 0.0077; Pos 1993(C): 0.0074; Pos 1998(G): 0.0073; Pos 579(T): 0.0067; Pos 1908(A): 0.0065; Pos 558(C): 0.0063; Pos 117(G): 0.0062; Pos 36(A): 0.0061; Pos 2028(G): 0.0060
EPI447810,A/Shanghai/10/2013,Human,E627K,1.0178,0.0413,0.0628,0.0125,-0.034,Pos 1875(G): 0.0822; Pos 1879(A): 0.0628; Pos 1884(G): 0.0220; Pos 1883(A): 0.0200; Pos 522(C): 0.0166; Pos 1407(C): 0.0142; Pos 600(T): 0.0141; Pos 1876(C): 0.0132; Pos 1873(C): 0.0131; Pos 1880(A): 0.0125; Pos 1554(T): 0.0114; Pos 591(A): 0.0108; Pos 696(G): 0.0105; Pos 525(A): 0.0103; Pos 2071(T): 0.0092; Pos 1815(C): 0.0088; Pos 526(A): 0.0085; Pos 1740(T): 0.0077; Pos 694(T): 0.0076; Pos 693(G): 0.0074
EPI447961,A/Shanghai/3/2013,Human,E627K,0.8892,0.0374,0.0755,0.0113,-0.0494,Pos 1875(G): 0.1097; Pos 1879(A): 0.0755; Pos 1883(A): 0.0198; Pos 1407(C): 0.0173; Pos 522(C): 0.0170; Pos 1884(G): 0.0151; Pos 600(T): 0.0138; Pos 1876(C): 0.0135; Pos 696(G): 0.0132; Pos 1873(C): 0.0123; Pos 1815(C): 0.0123; Pos 525(A): 0.0122; Pos 591(A): 0.0120; Pos 1554(T): 0.0114; Pos 1880(A): 0.0113; Pos 526(A): 0.0092; Pos 1998(G): 0.0092; Pos 694(T): 0.0089; Pos 501(A): 0.0080; Pos 2052(A): 0.0080
EPI447742,A/Shanghai/15/2013,Human,E627K,1.145,0.0364,0.0604,0.0117,-0.0357,Pos 1875(G): 0.0734; Pos 1879(A): 0.0604; Pos 1883(A): 0.0217; Pos 1876(C): 0.0173; Pos 522(C): 0.0163; Pos 1407(C): 0.0139; Pos 525(A): 0.0129; Pos 1884(G): 0.0127; Pos 591(A): 0.0125; Pos 696(G): 0.0117; Pos 1880(A): 0.0117; Pos 1554(T): 0.0115; Pos 600(T): 0.0114; Pos 526(A): 0.0106; Pos 1873(C): 0.0094; Pos 1740(T): 0.0089; Pos 1983(A): 0.0084; Pos 1815(C): 0.0083; Pos 694(T): 0.0083; Pos 1707(A): 0.0076
EPI457439,A/Hunan/0070A/2013,Human,E627K,1.4352,0.0079,0.0111,0.0002,-0.0034,Pos 450(C): 0.0136; Pos 2157(A): 0.0130; Pos 429(C): 0.0126; Pos 462(T): 0.0121; Pos 1879(A): 0.0111; Pos 449(G): 0.0108; Pos 840(T): 0.0107; Pos 957(C): 0.0106; Pos 834(T): 0.0102; Pos 1891(A): 0.0101; Pos 1892(T): 0.0100; Pos 2052(A): 0.0099; Pos 1209(A): 0.0082; Pos 201(C): 0.0082; Pos 954(G): 0.0081; Pos 1962(T): 0.0081; Pos 2147(T): 0.0076; Pos 1517(A): 0.0075; Pos 1185(C): 0.0072; Pos 1522(A): 0.0067
EPI457430,A/Shandong/0068A/2013,Human,E627K,1.3461,0.0068,0.0107,0.0012,-0.0051,Pos 450(C): 0.0117; Pos 1879(A): 0.0107; Pos 957(C): 0.0105; Pos 462(T): 0.0099; Pos 1962(T): 0.0097; Pos 429(C): 0.0095; Pos 954(G): 0.0091; Pos 694(T): 0.0087; Pos 1209(A): 0.0086; Pos 1782(G): 0.0085; Pos 840(T): 0.0084; Pos 834(T): 0.0084; Pos 2157(A): 0.0083; Pos 1137(A): 0.0074; Pos 449(G): 0.0070; Pos 1185(C): 0.0064; Pos 1755(T): 0.0064; Pos 201(C): 0.0063; Pos 1049(A): 0.0058; Pos 1757(A): 0.0058
EPI447802,A/Shanghai/11/2013,Human,E627K,1.3543,0.0056,0.0106,0.0008,-0.0057,Pos 429(C): 0.0134; Pos 450(C): 0.0134; Pos 462(T): 0.0116; Pos 1962(T): 0.0111; Pos 834(T): 0.0110; Pos 840(T): 0.0107; Pos 1879(A): 0.0106; Pos 957(C): 0.0080; Pos 2052(A): 0.0080; Pos 2157(A): 0.0078; Pos 694(T): 0.0075; Pos 1209(A): 0.0074; Pos 449(G): 0.0071; Pos 1782(G): 0.0070; Pos 1522(A): 0.0065; Pos 1892(T): 0.0065; Pos 1185(C): 0.0065; Pos 954(G): 0.0063; Pos 201(C): 0.0062; Pos 1891(A): 0.0062
EPI447658,A/Jiangsu/09/2013,Human,E627K,1.4571,-0.0063,0.0786,-0.0319,-0.0529,Pos 1879(A): 0.0786; Pos 1875(G): 0.0543; Pos 1876(C): 0.0381; Pos 1883(A): 0.0299; Pos 1877(C): 0.0220; Pos 285(T): 0.0135; Pos 1873(C): 0.0127; Pos 1874(C): 0.0110; Pos 1908(A): 0.0080; Pos 1983(A): 0.0074; Pos 619(T): 0.0064; Pos 248(A): 0.0064; Pos 2121(A): 0.0064; Pos 1151(T): 0.0064; Pos 1569(A): 0.0056; Pos 1148(A): 0.0056; Pos 1311(T): 0.0056; Pos 233(G): 0.0054; Pos 1604(T): 0.0052; Pos 443(A): 0.0047
EPI447852,A/Jiangsu/04/2013,Human,E627K,1.4882,-0.0093,0.0767,-0.0338,-0.0523,Pos 1879(A): 0.0767; Pos 1875(G): 0.0587; Pos 1876(C): 0.0382; Pos 1883(A): 0.0240; Pos 1877(C): 0.0213; Pos 1908(A): 0.0187; Pos 1873(C): 0.0178; Pos 285(T): 0.0140; Pos 1874(C): 0.0107; Pos 1983(A): 0.0097; Pos 1151(T): 0.0083; Pos 1569(A): 0.0076; Pos 443(A): 0.0058; Pos 619(T): 0.0057; Pos 248(A): 0.0057; Pos 1783(T): 0.0055; Pos 733(A): 0.0052; Pos 1779(T): 0.0051; Pos 238(A): 0.0051; Pos 1533(A): 0.0048
EPI447637,A/Anhui/03/2013,Human,E627K,1.4846,-0.0125,0.089,-0.0384,-0.0631,Pos 1879(A): 0.0890; Pos 1875(G): 0.0633; Pos 1876(C): 0.0391; Pos 1883(A): 0.0268; Pos 1877(C): 0.0263; Pos 1873(C): 0.0184; Pos 1874(C): 0.0163; Pos 285(T): 0.0151; Pos 1151(T): 0.0110; Pos 1983(A): 0.0093; Pos 248(A): 0.0073; Pos 459(T): 0.0068; Pos 1604(T): 0.0064; Pos 619(T): 0.0063; Pos 443(A): 0.0060; Pos 1148(A): 0.0058; Pos 1713(A): 0.0058; Pos 1731(T): 0.0057; Pos 1711(C): 0.0054; Pos 733(A): 0.0053
