Sequence_ID,Isolate_Name,Host,Mutation,Codon_Seq,Host-adaptive Distance,SHAP_Total_701,SHAP_701_Pos1_A,SHAP_701_Pos2_A,SHAP_701_Pos3_C,Top_20_Positive_Sites
EPI4091462,A/Striped_Skunk/AB/FAV-0322-1/2023,Nonhuman Mammal,D701N,AAC,1.7209,0.0263,0.0182,-0.0005,0.0086,Pos 2101(A): 0.0182; Pos 1737(A): 0.0148; Pos 1761(A): 0.0137; Pos 1524(A): 0.0095; Pos 2103(C): 0.0086; Pos 330(C): 0.0086; Pos 1752(A): 0.0081; Pos 2049(T): 0.0075; Pos 183(G): 0.0075; Pos 2105(A): 0.0073; Pos 1521(A): 0.0071; Pos 2110(T): 0.0070; Pos 2047(A): 0.0069; Pos 2043(A): 0.0063; Pos 897(A): 0.0061; Pos 1806(A): 0.0061; Pos 1520(A): 0.0060; Pos 1947(A): 0.0059; Pos 1602(A): 0.0058; Pos 1731(T): 0.0056
EPI2473571,A/red fox/North Dakota/22-017061-002/2022,Nonhuman Mammal,D701N,AAC,1.7153,0.023,0.0173,-0.0007,0.0065,Pos 2101(A): 0.0173; Pos 1761(A): 0.0108; Pos 1737(A): 0.0069; Pos 2103(C): 0.0065; Pos 2110(T): 0.0062; Pos 2105(A): 0.0061; Pos 1515(A): 0.0051; Pos 1035(A): 0.0047; Pos 2043(A): 0.0045; Pos 1947(A): 0.0043; Pos 330(C): 0.0043; Pos 2052(T): 0.0042; Pos 279(C): 0.0038; Pos 1122(C): 0.0036; Pos 705(T): 0.0034; Pos 2112(T): 0.0034; Pos 645(G): 0.0033; Pos 813(G): 0.0033; Pos 2104(A): 0.0033; Pos 1806(A): 0.0033
EPI4113088,A/cat/South Dakota/1/2024,Nonhuman Mammal,D701N,AAC,1.7181,0.0215,0.0161,-0.0004,0.0059,Pos 2101(A): 0.0161; Pos 1761(A): 0.0102; Pos 1122(A): 0.0072; Pos 330(C): 0.0071; Pos 261(T): 0.0064; Pos 2105(A): 0.0061; Pos 1515(A): 0.0059; Pos 2103(C): 0.0059; Pos 1737(A): 0.0056; Pos 2110(T): 0.0056; Pos 897(A): 0.0050; Pos 279(C): 0.0049; Pos 1947(A): 0.0045; Pos 1509(A): 0.0041; Pos 2052(T): 0.0041; Pos 2043(A): 0.0040; Pos 2009(A): 0.0037; Pos 1404(T): 0.0036; Pos 1413(C): 0.0036; Pos 726(A): 0.0036
EPI3316115,A/Striped_Skunk/AB/FAV-0085-2/2023,Nonhuman Mammal,D701N,AAC,1.7284,0.0206,0.0148,-0.0006,0.0065,Pos 2101(A): 0.0148; Pos 1761(A): 0.0105; Pos 2103(C): 0.0065; Pos 2110(T): 0.0057; Pos 2105(A): 0.0057; Pos 1737(A): 0.0054; Pos 2043(A): 0.0049; Pos 1035(A): 0.0049; Pos 1122(C): 0.0044; Pos 1515(A): 0.0043; Pos 2052(T): 0.0039; Pos 279(C): 0.0039; Pos 1947(A): 0.0036; Pos 2009(A): 0.0034; Pos 330(C): 0.0034; Pos 645(G): 0.0033; Pos 262(C): 0.0031; Pos 1029(A): 0.0030; Pos 1803(G): 0.0029; Pos 1998(A): 0.0029
EPI4244015,A/dairy cow/Nevada/010142-001/2025,Nonhuman Mammal,D701N,AAC,1.7201,0.0204,0.0136,-0.0003,0.0072,Pos 2101(A): 0.0136; Pos 1761(A): 0.0097; Pos 330(C): 0.0072; Pos 2103(C): 0.0072; Pos 2110(T): 0.0070; Pos 1515(A): 0.0065; Pos 1122(A): 0.0064; Pos 2105(A): 0.0062; Pos 1737(A): 0.0060; Pos 261(T): 0.0056; Pos 279(C): 0.0050; Pos 2052(T): 0.0043; Pos 2043(A): 0.0042; Pos 1947(A): 0.0041; Pos 2112(T): 0.0039; Pos 2009(A): 0.0039; Pos 1509(A): 0.0039; Pos 1413(C): 0.0038; Pos 2104(A): 0.0037; Pos 726(A): 0.0035
EPI4257753,A/dairy cow/USA/006538-001/2025,Nonhuman Mammal,D701N,AAC,1.7241,0.0203,0.0163,-0.0007,0.0047,Pos 2101(A): 0.0163; Pos 1761(A): 0.0098; Pos 1737(A): 0.0064; Pos 330(C): 0.0060; Pos 261(T): 0.0060; Pos 1515(A): 0.0060; Pos 2105(A): 0.0059; Pos 2110(T): 0.0054; Pos 1122(A): 0.0053; Pos 2043(A): 0.0048; Pos 2103(C): 0.0047; Pos 279(C): 0.0047; Pos 2052(T): 0.0044; Pos 1947(A): 0.0044; Pos 1509(A): 0.0043; Pos 1413(C): 0.0039; Pos 2009(A): 0.0037; Pos 1404(T): 0.0034; Pos 1520(A): 0.0034; Pos 2082(T): 0.0033
EPI4244023,A/dairy cow/USA/006537-001-R2/2025,Nonhuman Mammal,D701N,AAC,1.7166,0.0201,0.0153,-0.001,0.0058,Pos 2101(A): 0.0153; Pos 1761(A): 0.0098; Pos 330(C): 0.0068; Pos 1122(A): 0.0063; Pos 2105(A): 0.0061; Pos 1737(A): 0.0059; Pos 2103(C): 0.0058; Pos 261(T): 0.0058; Pos 2110(T): 0.0055; Pos 1515(A): 0.0049; Pos 2052(T): 0.0048; Pos 2043(A): 0.0047; Pos 1947(A): 0.0046; Pos 279(C): 0.0045; Pos 1509(A): 0.0044; Pos 2082(T): 0.0038; Pos 2009(A): 0.0035; Pos 1806(A): 0.0034; Pos 1983(C): 0.0034; Pos 1602(A): 0.0034
EPI4097884,A/dairy cow/USA/002644-003/2025,Nonhuman Mammal,D701N,AAC,1.7122,0.0201,0.0142,-0.0009,0.0068,Pos 2101(A): 0.0142; Pos 1761(A): 0.0098; Pos 2103(C): 0.0068; Pos 330(C): 0.0067; Pos 261(T): 0.0066; Pos 1122(A): 0.0064; Pos 2110(T): 0.0063; Pos 2105(A): 0.0059; Pos 1737(A): 0.0058; Pos 1515(A): 0.0054; Pos 2043(A): 0.0045; Pos 1509(A): 0.0045; Pos 279(C): 0.0044; Pos 1947(A): 0.0044; Pos 2009(A): 0.0043; Pos 2052(T): 0.0041; Pos 2082(T): 0.0036; Pos 1520(A): 0.0035; Pos 1092(T): 0.0034; Pos 1404(T): 0.0034
EPI3307051,A/Red_Fox/SK/FAV-0824-6/2022,Nonhuman Mammal,D701N,AAC,1.7267,0.0201,0.0147,-0.0007,0.0061,Pos 2101(A): 0.0147; Pos 1761(A): 0.0097; Pos 2105(A): 0.0064; Pos 1737(A): 0.0061; Pos 2103(C): 0.0061; Pos 2110(T): 0.0061; Pos 1515(A): 0.0052; Pos 1035(A): 0.0046; Pos 1947(A): 0.0044; Pos 2043(A): 0.0043; Pos 279(C): 0.0042; Pos 2052(T): 0.0039; Pos 705(T): 0.0038; Pos 1122(C): 0.0038; Pos 2104(A): 0.0036; Pos 645(G): 0.0034; Pos 1578(A): 0.0034; Pos 2009(A): 0.0033; Pos 2121(A): 0.0032; Pos 891(C): 0.0032
EPI4244007,A/dairy cow/USA/002644-003-v/2025,Nonhuman Mammal,D701N,AAC,1.7017,0.0201,0.0153,-0.0005,0.0053,Pos 2101(A): 0.0153; Pos 1761(A): 0.0093; Pos 1515(A): 0.0058; Pos 330(C): 0.0057; Pos 1122(A): 0.0055; Pos 2105(A): 0.0054; Pos 261(T): 0.0054; Pos 2103(C): 0.0053; Pos 1737(A): 0.0051; Pos 2110(T): 0.0050; Pos 2043(A): 0.0046; Pos 279(C): 0.0043; Pos 1947(A): 0.0042; Pos 1509(A): 0.0041; Pos 2052(T): 0.0040; Pos 2009(A): 0.0039; Pos 1404(T): 0.0032; Pos 726(A): 0.0031; Pos 2082(T): 0.0031; Pos 183(G): 0.0031
EPI3915310,A/dairy cow/Nevada/002645-005/2025,Nonhuman Mammal,D701N,AAC,1.7194,0.02,0.0159,-0.0012,0.0053,Pos 2101(A): 0.0159; Pos 1761(A): 0.0089; Pos 330(C): 0.0068; Pos 1122(A): 0.0066; Pos 1515(A): 0.0064; Pos 261(T): 0.0063; Pos 2105(A): 0.0061; Pos 1737(A): 0.0059; Pos 2110(T): 0.0056; Pos 2103(C): 0.0053; Pos 2043(A): 0.0044; Pos 2052(T): 0.0043; Pos 1947(A): 0.0043; Pos 1509(A): 0.0042; Pos 1520(A): 0.0038; Pos 279(C): 0.0038; Pos 2009(A): 0.0037; Pos 1404(T): 0.0034; Pos 2082(T): 0.0034; Pos 1806(A): 0.0033
EPI3316179,A/Striped_Skunk/BC/FAV-0091-3/2023,Nonhuman Mammal,D701N,AAC,1.6758,0.02,0.0144,0.0002,0.0054,Pos 2101(A): 0.0144; Pos 1761(A): 0.0097; Pos 261(T): 0.0077; Pos 1122(A): 0.0058; Pos 699(C): 0.0055; Pos 1512(A): 0.0055; Pos 2103(C): 0.0054; Pos 1524(A): 0.0047; Pos 690(A): 0.0045; Pos 1884(G): 0.0044; Pos 1737(T): 0.0043; Pos 1983(A): 0.0042; Pos 426(C): 0.0042; Pos 1740(T): 0.0040; Pos 1398(T): 0.0038; Pos 430(A): 0.0038; Pos 897(A): 0.0037; Pos 1239(T): 0.0037; Pos 501(T): 0.0036; Pos 705(T): 0.0036
EPI3320769,A/Raccoon/ON/FAV-0038-1/2023,Nonhuman Mammal,D701N,AAC,1.7313,0.0198,0.0155,0.0007,0.0036,Pos 2101(A): 0.0155; Pos 1761(A): 0.0108; Pos 2105(A): 0.0093; Pos 2107(A): 0.0079; Pos 1524(A): 0.0066; Pos 1737(A): 0.0066; Pos 330(C): 0.0065; Pos 2110(T): 0.0064; Pos 1513(A): 0.0057; Pos 1947(A): 0.0053; Pos 183(G): 0.0048; Pos 2104(A): 0.0045; Pos 2112(T): 0.0044; Pos 1517(A): 0.0044; Pos 2043(A): 0.0043; Pos 2052(T): 0.0043; Pos 2111(A): 0.0042; Pos 1416(T): 0.0040; Pos 2115(A): 0.0039; Pos 2016(A): 0.0039
EPI4257777,A/dairy cow/USA/006533-001/2025,Nonhuman Mammal,D701N,AAC,1.7027,0.0197,0.0137,-0.0003,0.0063,Pos 2101(A): 0.0137; Pos 1761(A): 0.0089; Pos 330(C): 0.0080; Pos 261(T): 0.0068; Pos 2103(C): 0.0063; Pos 1737(A): 0.0063; Pos 1122(A): 0.0061; Pos 1515(A): 0.0060; Pos 2110(T): 0.0059; Pos 2105(A): 0.0056; Pos 2043(A): 0.0048; Pos 1947(A): 0.0048; Pos 279(C): 0.0045; Pos 2052(T): 0.0044; Pos 1413(C): 0.0041; Pos 1509(A): 0.0037; Pos 2009(A): 0.0037; Pos 183(G): 0.0037; Pos 2104(A): 0.0034; Pos 1602(A): 0.0033
EPI4253718,A/dairy cow/Nevada/WD-210/2025,Nonhuman Mammal,D701N,AAC,1.7208,0.0193,0.014,-0.0007,0.006,Pos 2101(A): 0.0140; Pos 1761(A): 0.0093; Pos 330(C): 0.0068; Pos 1515(A): 0.0062; Pos 1122(A): 0.0060; Pos 1737(A): 0.0060; Pos 2103(C): 0.0060; Pos 261(T): 0.0057; Pos 2105(A): 0.0054; Pos 2110(T): 0.0052; Pos 279(C): 0.0050; Pos 1947(A): 0.0045; Pos 2043(A): 0.0042; Pos 2052(T): 0.0039; Pos 1413(C): 0.0039; Pos 2009(A): 0.0037; Pos 1509(A): 0.0037; Pos 1404(T): 0.0036; Pos 1806(A): 0.0036; Pos 1520(A): 0.0036
EPI2603668,A/cat/Nebraska/23-010184-001/2023,Nonhuman Mammal,D701N,AAC,1.7239,0.0192,0.0139,-0.0009,0.0062,Pos 2101(A): 0.0139; Pos 1761(A): 0.0105; Pos 1737(A): 0.0065; Pos 2172(A): 0.0064; Pos 2103(C): 0.0062; Pos 2105(A): 0.0061; Pos 2110(T): 0.0059; Pos 2043(A): 0.0051; Pos 2052(T): 0.0047; Pos 279(C): 0.0045; Pos 1515(A): 0.0045; Pos 1947(A): 0.0042; Pos 330(C): 0.0041; Pos 645(G): 0.0039; Pos 1122(C): 0.0038; Pos 1035(A): 0.0035; Pos 2047(A): 0.0035; Pos 262(C): 0.0034; Pos 2009(A): 0.0033; Pos 771(A): 0.0033
EPI4257581,A/dairy cow/USA/006535-001/2025,Nonhuman Mammal,D701N,AAC,1.7319,0.0191,0.014,-0.0004,0.0054,Pos 2101(A): 0.0140; Pos 1761(A): 0.0092; Pos 1515(A): 0.0066; Pos 330(C): 0.0064; Pos 1122(A): 0.0062; Pos 1737(A): 0.0060; Pos 2105(A): 0.0059; Pos 261(T): 0.0056; Pos 2110(T): 0.0056; Pos 2103(C): 0.0054; Pos 279(C): 0.0045; Pos 2043(A): 0.0044; Pos 1947(A): 0.0044; Pos 2052(T): 0.0040; Pos 2082(T): 0.0038; Pos 2009(A): 0.0037; Pos 1404(T): 0.0036; Pos 1509(A): 0.0036; Pos 1413(C): 0.0036; Pos 1520(A): 0.0034
EPI4226806,A/cat/USA/009235-001/2025,Nonhuman Mammal,D701N,AAC,1.7251,0.0189,0.0127,-0.0008,0.007,Pos 2101(A): 0.0127; Pos 1761(A): 0.0093; Pos 2103(C): 0.0070; Pos 2110(T): 0.0065; Pos 1737(A): 0.0063; Pos 330(C): 0.0062; Pos 2105(A): 0.0060; Pos 261(T): 0.0058; Pos 1515(A): 0.0057; Pos 1122(A): 0.0056; Pos 2043(A): 0.0052; Pos 2052(T): 0.0047; Pos 1947(A): 0.0044; Pos 2009(A): 0.0041; Pos 279(C): 0.0040; Pos 1509(A): 0.0039; Pos 1404(T): 0.0035; Pos 1029(A): 0.0033; Pos 1520(A): 0.0033; Pos 1517(A): 0.0032
EPI4353930,A/dairy cow/USA/011565-001-R2/2025,Nonhuman Mammal,D701N,AAC,1.716,0.0185,0.0131,-0.0006,0.0061,Pos 2101(A): 0.0131; Pos 1761(A): 0.0093; Pos 330(C): 0.0065; Pos 1737(A): 0.0062; Pos 2103(C): 0.0061; Pos 2105(A): 0.0060; Pos 2110(T): 0.0057; Pos 1122(A): 0.0056; Pos 1515(A): 0.0055; Pos 261(T): 0.0049; Pos 1947(A): 0.0048; Pos 2043(A): 0.0045; Pos 2052(T): 0.0041; Pos 279(C): 0.0041; Pos 2009(A): 0.0037; Pos 1413(C): 0.0037; Pos 1509(A): 0.0035; Pos 2112(T): 0.0035; Pos 1404(T): 0.0035; Pos 2047(A): 0.0034
EPI4256193,A/cat/USA/006047-001/2025,Nonhuman Mammal,D701N,AAC,1.7044,0.0184,0.0126,-0.0003,0.0061,Pos 2101(A): 0.0126; Pos 1761(A): 0.0089; Pos 330(C): 0.0071; Pos 1122(A): 0.0063; Pos 2103(C): 0.0061; Pos 1515(A): 0.0058; Pos 261(T): 0.0058; Pos 1737(A): 0.0057; Pos 279(C): 0.0049; Pos 1947(A): 0.0045; Pos 2043(A): 0.0045; Pos 1413(C): 0.0042; Pos 1509(A): 0.0041; Pos 2110(T): 0.0039; Pos 2052(T): 0.0038; Pos 1404(T): 0.0037; Pos 2082(T): 0.0034; Pos 222(A): 0.0033; Pos 2009(A): 0.0033; Pos 1520(A): 0.0032
EPI2110482,A/harbor seal/Maine/22-020455-005/2022,Nonhuman Mammal,D701N,AAC,1.6997,0.018,0.0126,0.0003,0.0051,Pos 2101(A): 0.0126; Pos 1761(A): 0.0100; Pos 261(T): 0.0085; Pos 1122(A): 0.0071; Pos 699(C): 0.0059; Pos 1512(A): 0.0056; Pos 2103(C): 0.0051; Pos 1398(T): 0.0050; Pos 897(A): 0.0048; Pos 1239(T): 0.0046; Pos 426(C): 0.0045; Pos 1884(G): 0.0043; Pos 840(A): 0.0043; Pos 1983(A): 0.0041; Pos 690(A): 0.0041; Pos 1524(A): 0.0041; Pos 1036(A): 0.0040; Pos 1533(A): 0.0040; Pos 705(T): 0.0039; Pos 1713(A): 0.0038
EPI4350781,A/cat/USA/009632-001/2025,Nonhuman Mammal,D701N,AAC,1.7303,0.018,0.0133,-0.0008,0.0054,Pos 2101(A): 0.0133; Pos 1761(A): 0.0091; Pos 1122(A): 0.0065; Pos 261(T): 0.0064; Pos 330(C): 0.0061; Pos 1737(A): 0.0059; Pos 2105(A): 0.0059; Pos 1515(A): 0.0056; Pos 2110(T): 0.0056; Pos 2103(C): 0.0054; Pos 279(C): 0.0045; Pos 1947(A): 0.0043; Pos 2043(A): 0.0042; Pos 1413(C): 0.0040; Pos 2009(A): 0.0040; Pos 2052(T): 0.0039; Pos 1509(A): 0.0039; Pos 183(G): 0.0035; Pos 2082(T): 0.0034; Pos 1023(A): 0.0032
EPI3846943,A/cat/South Dakota/038917-001/2024,Nonhuman Mammal,D701N,AAC,1.7119,0.0179,0.0131,-0.0005,0.0052,Pos 2101(A): 0.0131; Pos 1761(A): 0.0092; Pos 330(C): 0.0074; Pos 1737(A): 0.0068; Pos 1122(A): 0.0066; Pos 261(T): 0.0064; Pos 2105(A): 0.0059; Pos 2110(T): 0.0058; Pos 1515(A): 0.0057; Pos 897(A): 0.0053; Pos 2103(C): 0.0052; Pos 2043(A): 0.0050; Pos 1947(A): 0.0046; Pos 2052(T): 0.0046; Pos 1509(A): 0.0044; Pos 279(C): 0.0041; Pos 1520(A): 0.0040; Pos 2112(T): 0.0039; Pos 2104(A): 0.0037; Pos 183(G): 0.0037
EPI2310425,A/harbor seal/Maine/22-022528-006/2022,Nonhuman Mammal,D701N,AAC,1.7192,0.0176,0.0109,0.0006,0.006,Pos 2101(A): 0.0109; Pos 1761(A): 0.0100; Pos 261(T): 0.0081; Pos 1512(A): 0.0070; Pos 1122(A): 0.0064; Pos 2103(C): 0.0060; Pos 699(C): 0.0058; Pos 1398(T): 0.0045; Pos 426(C): 0.0043; Pos 1884(G): 0.0042; Pos 1983(A): 0.0042; Pos 1239(T): 0.0042; Pos 1524(A): 0.0040; Pos 1995(C): 0.0040; Pos 1038(C): 0.0039; Pos 1737(T): 0.0039; Pos 1707(A): 0.0038; Pos 897(A): 0.0037; Pos 501(T): 0.0037; Pos 1036(A): 0.0036
EPI4253710,A/dairy cow/Nevada/NV-7/2025,Nonhuman Mammal,D701N,AAC,1.7302,0.0162,0.0124,-0.0007,0.0045,Pos 2101(A): 0.0124; Pos 1761(A): 0.0096; Pos 1737(A): 0.0062; Pos 330(C): 0.0062; Pos 1515(A): 0.0060; Pos 1122(A): 0.0054; Pos 2105(A): 0.0053; Pos 261(T): 0.0050; Pos 2110(T): 0.0048; Pos 1947(A): 0.0046; Pos 2103(C): 0.0045; Pos 279(C): 0.0043; Pos 2009(A): 0.0040; Pos 2043(A): 0.0039; Pos 2052(T): 0.0038; Pos 1509(A): 0.0037; Pos 1520(A): 0.0037; Pos 1404(T): 0.0035; Pos 2047(A): 0.0034; Pos 1517(A): 0.0032
EPI3053183,A/Harbor_Seal/QC/FAV-0836-1/2022,Nonhuman Mammal,D701N,AAC,1.7162,0.0159,0.0104,0.0007,0.0049,Pos 2101(A): 0.0104; Pos 1761(A): 0.0094; Pos 261(T): 0.0081; Pos 1512(A): 0.0066; Pos 1122(A): 0.0065; Pos 699(C): 0.0057; Pos 2103(C): 0.0049; Pos 1440(C): 0.0048; Pos 1884(G): 0.0046; Pos 1239(T): 0.0045; Pos 1398(T): 0.0045; Pos 840(A): 0.0045; Pos 426(C): 0.0043; Pos 1524(A): 0.0042; Pos 1038(C): 0.0042; Pos 690(A): 0.0042; Pos 1995(C): 0.0042; Pos 897(A): 0.0040; Pos 501(T): 0.0040; Pos 705(T): 0.0039
EPI4587016,A/red fox/USA/019397-001/2025,Nonhuman Mammal,D701N,AAC,1.7402,0.0143,0.0094,0.0007,0.0042,Pos 2101(A): 0.0094; Pos 1761(A): 0.0085; Pos 330(C): 0.0069; Pos 261(T): 0.0068; Pos 1122(A): 0.0064; Pos 1737(A): 0.0053; Pos 1515(A): 0.0052; Pos 2043(A): 0.0048; Pos 2110(T): 0.0047; Pos 279(C): 0.0043; Pos 2103(C): 0.0042; Pos 2052(T): 0.0042; Pos 1947(A): 0.0041; Pos 1509(A): 0.0038; Pos 2009(A): 0.0037; Pos 2107(A): 0.0036; Pos 1520(A): 0.0032; Pos 1404(T): 0.0031; Pos 726(A): 0.0031; Pos 1413(C): 0.0031
EPI2856211,A/Striped_Skunk/BC/AIVPHL-976/2023,Nonhuman Mammal,D701N,AAC,1.7108,0.0064,0.0031,0.0043,-0.001,Pos 1983(A): 0.0103; Pos 690(A): 0.0089; Pos 1512(A): 0.0086; Pos 1713(A): 0.0073; Pos 1494(T): 0.0066; Pos 1398(T): 0.0061; Pos 1008(A): 0.0058; Pos 1950(A): 0.0057; Pos 1918(A): 0.0054; Pos 699(C): 0.0052; Pos 1954(A): 0.0051; Pos 1491(T): 0.0049; Pos 1497(T): 0.0046; Pos 1554(C): 0.0045; Pos 126(C): 0.0044; Pos 1987(A): 0.0044; Pos 2102(A): 0.0043; Pos 1596(A): 0.0040; Pos 681(A): 0.0040; Pos 1504(T): 0.0040
EPI2512569,A/Black Bear/QC/FAV-0902/2022,Nonhuman Mammal,D701N,AAC,1.7366,0.0061,0.0043,0.004,-0.0022,Pos 1983(A): 0.0100; Pos 690(A): 0.0086; Pos 1491(T): 0.0070; Pos 1512(A): 0.0067; Pos 1719(C): 0.0067; Pos 1528(A): 0.0067; Pos 1008(A): 0.0067; Pos 1761(A): 0.0060; Pos 1998(A): 0.0059; Pos 1721(A): 0.0058; Pos 1723(A): 0.0056; Pos 1494(T): 0.0056; Pos 2000(T): 0.0055; Pos 711(A): 0.0053; Pos 699(C): 0.0052; Pos 435(T): 0.0052; Pos 2040(T): 0.0050; Pos 1128(A): 0.0048; Pos 1987(A): 0.0048; Pos 1515(A): 0.0044
EPI2856187,A/Striped_Skunk/BC/AIVPHL-975/2023,Nonhuman Mammal,D701N,AAC,1.7119,0.0061,0.0029,0.0041,-0.0009,Pos 1983(A): 0.0098; Pos 690(A): 0.0095; Pos 1512(A): 0.0086; Pos 1494(T): 0.0072; Pos 1398(T): 0.0067; Pos 1713(A): 0.0065; Pos 1950(A): 0.0061; Pos 1008(A): 0.0056; Pos 1918(A): 0.0052; Pos 699(C): 0.0050; Pos 1497(T): 0.0049; Pos 1954(A): 0.0048; Pos 1491(T): 0.0048; Pos 267(A): 0.0044; Pos 1698(A): 0.0044; Pos 126(C): 0.0043; Pos 1596(A): 0.0043; Pos 1569(A): 0.0043; Pos 1987(A): 0.0043; Pos 1731(T): 0.0042
EPI2512500,A/Black Bear/QC/FAV-0935/2022,Nonhuman Mammal,D701N,AAC,1.7133,0.0048,0.004,0.0032,-0.0024,Pos 690(A): 0.0093; Pos 1983(A): 0.0092; Pos 1512(A): 0.0075; Pos 1491(T): 0.0067; Pos 1998(A): 0.0063; Pos 1719(C): 0.0059; Pos 1008(A): 0.0057; Pos 1761(A): 0.0055; Pos 1494(T): 0.0053; Pos 699(C): 0.0051; Pos 1528(A): 0.0050; Pos 711(A): 0.0049; Pos 1721(A): 0.0049; Pos 2000(T): 0.0046; Pos 2040(T): 0.0045; Pos 1723(A): 0.0044; Pos 435(T): 0.0044; Pos 1515(A): 0.0043; Pos 1128(A): 0.0042; Pos 1236(G): 0.0041
EPI2274955,A/Red Fox/SK/FAV-0824-96/2022,Nonhuman Mammal,D701N,AAC,1.6817,0.0044,0.0047,0.0009,-0.0011,Pos 1749(A): 0.0121; Pos 1806(A): 0.0095; Pos 1737(A): 0.0079; Pos 1998(A): 0.0063; Pos 1761(A): 0.0056; Pos 1721(A): 0.0053; Pos 1488(A): 0.0053; Pos 1695(A): 0.0051; Pos 1987(A): 0.0050; Pos 2101(A): 0.0047; Pos 2031(A): 0.0043; Pos 1578(A): 0.0043; Pos 291(A): 0.0039; Pos 2105(A): 0.0038; Pos 1748(T): 0.0038; Pos 1962(A): 0.0038; Pos 255(A): 0.0037; Pos 2151(A): 0.0035; Pos 337(A): 0.0035; Pos 1528(A): 0.0034
EPI3317209,A/dairy cow/Texas/057377-24-8/2024,Nonhuman Mammal,D701N,AAC,1.6944,0.0029,0.0021,0.0009,-0.0002,Pos 1709(T): 0.0078; Pos 1806(A): 0.0073; Pos 1947(A): 0.0069; Pos 1008(A): 0.0059; Pos 1492(A): 0.0055; Pos 279(C): 0.0053; Pos 1602(A): 0.0051; Pos 1987(A): 0.0049; Pos 1737(A): 0.0048; Pos 1962(A): 0.0046; Pos 255(A): 0.0045; Pos 1984(A): 0.0043; Pos 1578(A): 0.0043; Pos 2089(T): 0.0043; Pos 1770(T): 0.0042; Pos 1515(A): 0.0042; Pos 433(G): 0.0042; Pos 432(G): 0.0040; Pos 1488(A): 0.0040; Pos 1503(T): 0.0040
