Sequence_ID,Isolate_Name,Host,Mutation,Phenotypic Distance,Codon_Seq,SHAP_Total_627,SHAP_627_Pos1_A,SHAP_627_Pos2_A,SHAP_627_Pos3_A,Top_20_Positive_Sites
EPI3260201,A/skunk/Washington/005959-001/2024,Nonhuman Mammal,E627K,1.7163,AAA,0.0213,0.0141,0.0072,0.0,Pos 1761(A): 0.0147; Pos 1879(A): 0.0141; Pos 1737(A): 0.0132; Pos 330(C): 0.0094; Pos 2049(T): 0.0086; Pos 1524(A): 0.0085; Pos 1878(A): 0.0080; Pos 1752(A): 0.0078; Pos 183(G): 0.0075; Pos 2047(A): 0.0075; Pos 1880(A): 0.0072; Pos 1521(A): 0.0068; Pos 2043(A): 0.0067; Pos 1806(A): 0.0063; Pos 1947(A): 0.0058; Pos 1520(A): 0.0057; Pos 897(A): 0.0056; Pos 1731(T): 0.0054; Pos 1125(A): 0.0052; Pos 909(G): 0.0051
EPI3981793,A/bottlenose dolphin/USA/038155-001/2024,Nonhuman Mammal,E627K,1.7235,AAA,0.0205,0.0148,0.0054,0.0003,Pos 1879(A): 0.0148; Pos 1761(A): 0.0108; Pos 1878(A): 0.0082; Pos 330(C): 0.0078; Pos 1524(A): 0.0077; Pos 1737(A): 0.0061; Pos 1752(A): 0.0057; Pos 1880(A): 0.0054; Pos 1947(A): 0.0049; Pos 1440(C): 0.0042; Pos 1517(A): 0.0041; Pos 2016(A): 0.0039; Pos 2043(A): 0.0037; Pos 2052(T): 0.0036; Pos 1122(C): 0.0035; Pos 1875(A): 0.0034; Pos 1521(A): 0.0034; Pos 1990(A): 0.0033; Pos 183(G): 0.0033; Pos 2121(A): 0.0033
EPI2473773,A/raccoon/Michigan/22-021733-010/2022,Nonhuman Mammal,E627K,1.6841,AAA,0.0195,0.0139,0.0057,-0.0001,Pos 1879(A): 0.0139; Pos 1761(A): 0.0122; Pos 1524(A): 0.0098; Pos 330(C): 0.0085; Pos 1737(A): 0.0085; Pos 1878(A): 0.0082; Pos 285(C): 0.0075; Pos 1947(T): 0.0068; Pos 1752(A): 0.0063; Pos 1880(A): 0.0057; Pos 183(G): 0.0057; Pos 1509(A): 0.0055; Pos 897(A): 0.0054; Pos 2043(A): 0.0052; Pos 2052(T): 0.0051; Pos 786(C): 0.0050; Pos 1517(A): 0.0049; Pos 1914(A): 0.0047; Pos 645(G): 0.0046; Pos 1122(C): 0.0045
EPI2259316,A/fox/Iowa/22-015357-002/2022,Nonhuman Mammal,E627K,1.6843,AAA,0.0194,0.0148,0.0048,-0.0002,Pos 1879(A): 0.0148; Pos 1761(A): 0.0102; Pos 1524(A): 0.0094; Pos 285(C): 0.0078; Pos 330(C): 0.0078; Pos 1878(A): 0.0077; Pos 1737(A): 0.0077; Pos 1947(T): 0.0066; Pos 183(G): 0.0062; Pos 2043(A): 0.0058; Pos 897(A): 0.0057; Pos 2052(T): 0.0052; Pos 1752(A): 0.0052; Pos 702(A): 0.0048; Pos 786(C): 0.0048; Pos 1880(A): 0.0048; Pos 1914(A): 0.0046; Pos 1054(C): 0.0044; Pos 1517(A): 0.0043; Pos 1509(A): 0.0043
EPI3309316,A/Harbor_Seal/QC/FAV-0836-9/2022,Nonhuman Mammal,E627K,1.6688,AAA,0.0188,0.0127,0.0053,0.0007,Pos 1879(A): 0.0127; Pos 1761(A): 0.0120; Pos 1524(A): 0.0093; Pos 330(C): 0.0083; Pos 1737(A): 0.0078; Pos 1878(A): 0.0075; Pos 285(C): 0.0073; Pos 1947(T): 0.0062; Pos 1752(A): 0.0058; Pos 183(G): 0.0055; Pos 897(A): 0.0054; Pos 1880(A): 0.0053; Pos 1517(A): 0.0050; Pos 2052(T): 0.0050; Pos 1509(A): 0.0048; Pos 2043(A): 0.0048; Pos 786(C): 0.0044; Pos 1122(C): 0.0043; Pos 1521(A): 0.0042; Pos 1054(C): 0.0041
EPI3053167,A/Harbor_Seal/QC/FAV-0836-4/2022,Nonhuman Mammal,E627K,1.6671,AAA,0.0188,0.0137,0.0051,-0.0,Pos 1879(A): 0.0137; Pos 1761(A): 0.0116; Pos 1524(A): 0.0092; Pos 1737(A): 0.0082; Pos 1878(A): 0.0077; Pos 330(C): 0.0075; Pos 285(C): 0.0074; Pos 1947(T): 0.0062; Pos 1752(A): 0.0055; Pos 897(A): 0.0052; Pos 1880(A): 0.0051; Pos 786(C): 0.0049; Pos 2043(A): 0.0047; Pos 183(G): 0.0046; Pos 2052(T): 0.0044; Pos 1517(A): 0.0043; Pos 1509(A): 0.0043; Pos 1122(C): 0.0041; Pos 262(C): 0.0039; Pos 1054(C): 0.0038
EPI4093117,A/Striped_Skunk/AB/FAV-0455-1/2023,Nonhuman Mammal,E627K,1.6966,AAA,0.0187,0.0126,0.0053,0.0008,Pos 1761(A): 0.0133; Pos 1737(A): 0.0126; Pos 1879(A): 0.0126; Pos 330(C): 0.0090; Pos 2049(T): 0.0086; Pos 1524(A): 0.0081; Pos 1878(A): 0.0075; Pos 1752(A): 0.0070; Pos 2047(A): 0.0068; Pos 1521(A): 0.0066; Pos 183(G): 0.0066; Pos 2043(A): 0.0060; Pos 909(G): 0.0058; Pos 702(A): 0.0057; Pos 1880(A): 0.0053; Pos 897(A): 0.0053; Pos 1947(A): 0.0053; Pos 243(G): 0.0053; Pos 1125(A): 0.0052; Pos 1806(A): 0.0051
EPI2182116,A/raccoon/Washington/22-018406-002/2022,Nonhuman Mammal,E627K,1.7258,AAA,0.018,0.0128,0.0056,-0.0004,Pos 1879(A): 0.0128; Pos 1761(A): 0.0119; Pos 330(C): 0.0088; Pos 1878(A): 0.0078; Pos 1737(A): 0.0078; Pos 1985(A): 0.0071; Pos 1524(A): 0.0067; Pos 183(G): 0.0058; Pos 1752(A): 0.0058; Pos 1880(A): 0.0056; Pos 2043(A): 0.0055; Pos 1947(A): 0.0054; Pos 702(A): 0.0053; Pos 972(T): 0.0052; Pos 1200(T): 0.0051; Pos 2047(A): 0.0047; Pos 1517(A): 0.0045; Pos 708(A): 0.0044; Pos 1520(A): 0.0044; Pos 1518(T): 0.0043
EPI4006549,A/bottlenose dolphin/Florida/038155-004/2023,Nonhuman Mammal,E627K,1.7458,AAA,0.018,0.0131,0.0051,-0.0002,Pos 1879(A): 0.0131; Pos 1761(A): 0.0112; Pos 1524(A): 0.0083; Pos 330(C): 0.0081; Pos 1878(A): 0.0080; Pos 1737(A): 0.0070; Pos 1880(A): 0.0051; Pos 1947(A): 0.0050; Pos 2016(A): 0.0048; Pos 1440(C): 0.0047; Pos 1752(A): 0.0043; Pos 2043(A): 0.0041; Pos 1517(A): 0.0041; Pos 1521(A): 0.0036; Pos 183(G): 0.0036; Pos 2047(A): 0.0035; Pos 2121(A): 0.0035; Pos 2009(A): 0.0035; Pos 2052(T): 0.0034; Pos 1932(A): 0.0033
EPI3907984,A/Striped Skunk/WA/W240530074-2-1/2024,Nonhuman Mammal,E627K,1.7237,AAA,0.0178,0.0127,0.0049,0.0002,Pos 1737(A): 0.0146; Pos 1761(A): 0.0138; Pos 1879(A): 0.0127; Pos 2049(T): 0.0086; Pos 330(C): 0.0085; Pos 183(G): 0.0083; Pos 1524(A): 0.0080; Pos 1752(A): 0.0079; Pos 1878(A): 0.0078; Pos 2047(A): 0.0074; Pos 2043(A): 0.0073; Pos 897(A): 0.0066; Pos 1521(A): 0.0065; Pos 909(G): 0.0059; Pos 1731(T): 0.0058; Pos 1806(A): 0.0057; Pos 1947(A): 0.0056; Pos 1520(A): 0.0052; Pos 702(A): 0.0052; Pos 243(G): 0.0052
EPI3053116,A/Harbor_Seal/QC/FAV-0869-3/2022,Nonhuman Mammal,E627K,1.7064,AAA,0.0175,0.0124,0.0052,-0.0001,Pos 1879(A): 0.0124; Pos 1761(A): 0.0108; Pos 1524(A): 0.0096; Pos 1737(A): 0.0077; Pos 285(C): 0.0071; Pos 1878(A): 0.0069; Pos 330(C): 0.0069; Pos 897(A): 0.0063; Pos 1947(T): 0.0058; Pos 1752(A): 0.0058; Pos 2043(A): 0.0057; Pos 183(G): 0.0055; Pos 1880(A): 0.0052; Pos 2052(T): 0.0046; Pos 1517(A): 0.0045; Pos 1521(A): 0.0043; Pos 786(C): 0.0043; Pos 702(A): 0.0042; Pos 1509(A): 0.0042; Pos 1914(A): 0.0041
EPI2263439,A/skunk/Minnesota/22-034925-001/2022,Nonhuman Mammal,E627K,1.7337,AAA,0.0165,0.012,0.0046,-0.0,Pos 1879(A): 0.0120; Pos 1761(A): 0.0099; Pos 1524(A): 0.0064; Pos 1737(A): 0.0064; Pos 1878(A): 0.0062; Pos 330(C): 0.0061; Pos 1513(A): 0.0054; Pos 1880(A): 0.0046; Pos 2115(A): 0.0044; Pos 2043(A): 0.0044; Pos 183(G): 0.0043; Pos 1947(A): 0.0041; Pos 1517(A): 0.0041; Pos 261(T): 0.0038; Pos 1416(T): 0.0038; Pos 2016(A): 0.0036; Pos 2052(T): 0.0035; Pos 2009(A): 0.0035; Pos 1122(C): 0.0034; Pos 1029(A): 0.0033
EPI4149144,A/cat/USA/007581-001/2025,Nonhuman Mammal,E627K,1.7397,AAA,0.0129,0.0036,0.0056,0.0037,Pos 1761(A): 0.0088; Pos 261(T): 0.0065; Pos 1122(A): 0.0059; Pos 1880(A): 0.0056; Pos 330(C): 0.0054; Pos 1875(A): 0.0054; Pos 1515(A): 0.0053; Pos 1737(A): 0.0047; Pos 2043(A): 0.0047; Pos 279(C): 0.0043; Pos 2052(T): 0.0042; Pos 1509(A): 0.0041; Pos 1998(A): 0.0041; Pos 1947(A): 0.0039; Pos 1881(A): 0.0037; Pos 1879(A): 0.0036; Pos 2009(A): 0.0036; Pos 1806(A): 0.0035; Pos 1404(T): 0.0035; Pos 2082(T): 0.0034
EPI4244095,A/skunk/USA/009868-001/2025,Nonhuman Mammal,E627K,1.7449,AAA,0.0127,0.0039,0.0056,0.0032,Pos 1761(A): 0.0100; Pos 261(T): 0.0070; Pos 1122(A): 0.0066; Pos 330(C): 0.0062; Pos 1737(A): 0.0059; Pos 1515(A): 0.0058; Pos 1880(A): 0.0056; Pos 2043(A): 0.0056; Pos 1875(A): 0.0054; Pos 2163(A): 0.0044; Pos 2052(T): 0.0042; Pos 1947(A): 0.0040; Pos 1509(A): 0.0040; Pos 1879(A): 0.0039; Pos 279(C): 0.0039; Pos 2009(A): 0.0035; Pos 1806(A): 0.0034; Pos 1092(T): 0.0034; Pos 1983(C): 0.0033; Pos 2082(T): 0.0033
EPI4226771,A/cat/USA/009022-003/2025,Nonhuman Mammal,E627K,1.7131,AAA,0.0126,0.0039,0.0056,0.0031,Pos 1761(A): 0.0094; Pos 1041(A): 0.0071; Pos 330(C): 0.0067; Pos 1515(A): 0.0064; Pos 1122(A): 0.0062; Pos 1737(A): 0.0062; Pos 261(T): 0.0061; Pos 2028(T): 0.0058; Pos 1880(A): 0.0056; Pos 1875(A): 0.0054; Pos 1947(A): 0.0043; Pos 1509(A): 0.0043; Pos 2043(A): 0.0041; Pos 2052(T): 0.0039; Pos 1879(A): 0.0039; Pos 279(C): 0.0037; Pos 771(A): 0.0037; Pos 1404(T): 0.0036; Pos 2027(C): 0.0035; Pos 504(T): 0.0034
EPI4149168,A/cat/USA/007151-002/2025,Nonhuman Mammal,E627K,1.6881,AAA,0.0124,0.0024,0.0063,0.0038,Pos 1761(A): 0.0102; Pos 690(A): 0.0099; Pos 1515(A): 0.0066; Pos 1122(A): 0.0065; Pos 1737(A): 0.0064; Pos 330(C): 0.0063; Pos 1880(A): 0.0063; Pos 261(T): 0.0062; Pos 279(C): 0.0054; Pos 1875(A): 0.0054; Pos 2043(A): 0.0052; Pos 2052(T): 0.0046; Pos 1947(A): 0.0043; Pos 1520(A): 0.0041; Pos 2009(A): 0.0040; Pos 1413(C): 0.0040; Pos 1517(A): 0.0040; Pos 1404(T): 0.0039; Pos 687(T): 0.0038; Pos 1881(A): 0.0038
EPI4352024,A/cat/USA/010610-001/2025,Nonhuman Mammal,E627K,1.7489,AAA,0.0123,0.0034,0.0056,0.0033,Pos 1761(A): 0.0094; Pos 330(C): 0.0060; Pos 1122(A): 0.0056; Pos 1737(A): 0.0056; Pos 1880(A): 0.0056; Pos 261(T): 0.0054; Pos 1515(A): 0.0052; Pos 1875(A): 0.0049; Pos 2043(A): 0.0044; Pos 279(C): 0.0043; Pos 1947(A): 0.0043; Pos 2052(T): 0.0041; Pos 1509(A): 0.0040; Pos 2009(A): 0.0040; Pos 2082(T): 0.0035; Pos 183(G): 0.0035; Pos 1520(A): 0.0034; Pos 1879(A): 0.0034; Pos 1881(A): 0.0033; Pos 899(A): 0.0032
EPI4090799,A/Feral_cat/ON/FAV-0215-1/2023,Nonhuman Mammal,E627K,1.7161,AAA,0.0123,0.0033,0.0056,0.0033,Pos 1761(A): 0.0114; Pos 690(A): 0.0104; Pos 1737(A): 0.0077; Pos 2172(A): 0.0068; Pos 330(C): 0.0066; Pos 1041(A): 0.0063; Pos 1014(T): 0.0060; Pos 1515(A): 0.0060; Pos 1880(A): 0.0056; Pos 1875(A): 0.0051; Pos 1747(T): 0.0049; Pos 1947(A): 0.0048; Pos 2043(A): 0.0047; Pos 1748(T): 0.0045; Pos 2052(T): 0.0045; Pos 1122(C): 0.0044; Pos 537(A): 0.0041; Pos 687(T): 0.0039; Pos 279(C): 0.0039; Pos 504(T): 0.0038
EPI4097472,A/cat/USA/005576-002/2025,Nonhuman Mammal,E627K,1.7248,AAA,0.012,0.0027,0.0049,0.0044,Pos 1761(A): 0.0087; Pos 330(C): 0.0063; Pos 261(T): 0.0060; Pos 1737(A): 0.0059; Pos 1122(A): 0.0056; Pos 1515(A): 0.0055; Pos 1875(A): 0.0054; Pos 1880(A): 0.0049; Pos 2043(A): 0.0047; Pos 1881(A): 0.0044; Pos 279(C): 0.0043; Pos 1947(A): 0.0041; Pos 2009(A): 0.0039; Pos 1509(A): 0.0037; Pos 2047(A): 0.0035; Pos 1413(C): 0.0034; Pos 183(G): 0.0034; Pos 1404(T): 0.0033; Pos 2082(T): 0.0032; Pos 726(A): 0.0032
EPI4388830,A/dairy cow/USA/014317-003/2025,Nonhuman Mammal,E627K,1.7036,AAA,0.0117,0.0041,0.0047,0.0029,Pos 1945(A): 0.0062; Pos 261(T): 0.0055; Pos 1515(A): 0.0054; Pos 1737(A): 0.0052; Pos 1092(T): 0.0048; Pos 1880(A): 0.0047; Pos 1875(A): 0.0046; Pos 279(C): 0.0046; Pos 1755(C): 0.0046; Pos 1761(A): 0.0046; Pos 2043(A): 0.0045; Pos 1947(A): 0.0043; Pos 1879(A): 0.0041; Pos 2052(T): 0.0041; Pos 1122(C): 0.0036; Pos 540(A): 0.0036; Pos 630(A): 0.0035; Pos 1806(A): 0.0035; Pos 1905(T): 0.0032; Pos 1803(G): 0.0031
EPI4256100,A/cat/USA/006491-001/2025,Nonhuman Mammal,E627K,1.6894,AAA,0.0116,0.0026,0.0056,0.0034,Pos 690(A): 0.0100; Pos 1761(A): 0.0091; Pos 1122(A): 0.0068; Pos 1515(A): 0.0068; Pos 330(C): 0.0068; Pos 261(T): 0.0067; Pos 1737(A): 0.0058; Pos 1880(A): 0.0056; Pos 2043(A): 0.0054; Pos 1875(A): 0.0051; Pos 279(C): 0.0050; Pos 1947(A): 0.0047; Pos 2052(T): 0.0042; Pos 1520(A): 0.0040; Pos 1965(A): 0.0039; Pos 2009(A): 0.0037; Pos 504(T): 0.0036; Pos 1602(A): 0.0036; Pos 1413(C): 0.0035; Pos 1404(T): 0.0035
EPI4255910,A/dairy cow/USA/006260-001/2025,Nonhuman Mammal,E627K,1.71,AAA,0.0116,0.003,0.0053,0.0034,Pos 1761(A): 0.0094; Pos 1945(A): 0.0065; Pos 1737(A): 0.0058; Pos 1880(A): 0.0053; Pos 1515(A): 0.0052; Pos 279(C): 0.0046; Pos 261(T): 0.0046; Pos 1092(T): 0.0044; Pos 1875(A): 0.0044; Pos 2043(A): 0.0043; Pos 1947(A): 0.0042; Pos 540(A): 0.0039; Pos 1122(C): 0.0038; Pos 2052(T): 0.0037; Pos 1881(A): 0.0034; Pos 1905(T): 0.0034; Pos 630(A): 0.0033; Pos 1806(A): 0.0033; Pos 899(A): 0.0030; Pos 1803(G): 0.0030
EPI4148558,A/Cat/AB/FAV-0015-1/2025,Nonhuman Mammal,E627K,1.7276,AAA,0.0114,0.0029,0.0052,0.0033,Pos 1761(A): 0.0097; Pos 330(C): 0.0070; Pos 261(T): 0.0067; Pos 1122(A): 0.0065; Pos 1515(A): 0.0057; Pos 1875(A): 0.0055; Pos 1880(A): 0.0052; Pos 1737(A): 0.0051; Pos 279(C): 0.0047; Pos 1509(A): 0.0044; Pos 2043(A): 0.0041; Pos 1947(A): 0.0039; Pos 2052(T): 0.0038; Pos 2009(A): 0.0035; Pos 1092(T): 0.0034; Pos 1983(C): 0.0034; Pos 2082(T): 0.0034; Pos 1881(A): 0.0033; Pos 504(T): 0.0033; Pos 1413(C): 0.0032
EPI4354445,A/raccoon/USA/012811-001/2025,Nonhuman Mammal,E627K,1.7187,AAA,0.0114,0.0019,0.0059,0.0036,Pos 2046(A): 0.0106; Pos 1761(A): 0.0099; Pos 2052(T): 0.0073; Pos 330(C): 0.0068; Pos 261(T): 0.0065; Pos 1122(A): 0.0059; Pos 1880(A): 0.0059; Pos 1875(A): 0.0058; Pos 2043(A): 0.0055; Pos 1515(A): 0.0054; Pos 1737(A): 0.0053; Pos 1509(A): 0.0047; Pos 279(C): 0.0045; Pos 1947(A): 0.0044; Pos 1413(C): 0.0042; Pos 1881(A): 0.0036; Pos 1520(A): 0.0036; Pos 2047(A): 0.0035; Pos 1983(C): 0.0034; Pos 1404(T): 0.0034
EPI3847005,A/bobcat/Kansas/038225-002/2024,Nonhuman Mammal,E627K,1.7538,AAA,0.0112,0.0029,0.0057,0.0026,Pos 1761(A): 0.0088; Pos 1515(A): 0.0059; Pos 1880(A): 0.0057; Pos 261(T): 0.0055; Pos 330(C): 0.0055; Pos 1737(A): 0.0053; Pos 1875(A): 0.0052; Pos 1122(A): 0.0051; Pos 279(C): 0.0046; Pos 2043(A): 0.0044; Pos 1947(A): 0.0040; Pos 1509(A): 0.0038; Pos 2052(T): 0.0038; Pos 2009(A): 0.0035; Pos 899(A): 0.0033; Pos 1413(C): 0.0032; Pos 1520(A): 0.0032; Pos 2082(T): 0.0031; Pos 2047(A): 0.0031; Pos 1517(A): 0.0030
EPI4255870,A/dairy cow/USA/006260-005/2025,Nonhuman Mammal,E627K,1.7365,AAA,0.0111,0.0034,0.0044,0.0033,Pos 1761(A): 0.0096; Pos 1945(A): 0.0063; Pos 1737(A): 0.0060; Pos 261(T): 0.0057; Pos 1515(A): 0.0053; Pos 1875(A): 0.0044; Pos 1092(T): 0.0044; Pos 1880(A): 0.0044; Pos 540(A): 0.0042; Pos 2043(A): 0.0041; Pos 279(C): 0.0040; Pos 2052(T): 0.0040; Pos 1947(A): 0.0038; Pos 1879(A): 0.0034; Pos 1806(A): 0.0034; Pos 1881(A): 0.0033; Pos 1122(C): 0.0033; Pos 2047(A): 0.0030; Pos 1803(G): 0.0029; Pos 1905(T): 0.0029
EPI4314900,A/red fox/USA/012694-001/2025,Nonhuman Mammal,E627K,1.7168,AAA,0.0111,0.003,0.0049,0.0032,Pos 1761(A): 0.0094; Pos 1515(A): 0.0065; Pos 330(C): 0.0063; Pos 1875(A): 0.0059; Pos 1122(A): 0.0058; Pos 261(T): 0.0056; Pos 1737(A): 0.0054; Pos 2043(A): 0.0052; Pos 279(C): 0.0050; Pos 1520(A): 0.0050; Pos 1880(A): 0.0049; Pos 1947(A): 0.0048; Pos 2052(T): 0.0048; Pos 1509(A): 0.0044; Pos 183(G): 0.0042; Pos 2009(A): 0.0041; Pos 1413(C): 0.0038; Pos 816(G): 0.0035; Pos 771(A): 0.0033; Pos 222(A): 0.0033
EPI4226751,A/cat/USA/009022-005/2025,Nonhuman Mammal,E627K,1.7193,AAA,0.011,0.0029,0.0051,0.003,Pos 1761(A): 0.0093; Pos 1041(A): 0.0081; Pos 330(C): 0.0070; Pos 1122(A): 0.0067; Pos 1737(A): 0.0064; Pos 261(T): 0.0064; Pos 1515(A): 0.0059; Pos 2028(T): 0.0058; Pos 1880(A): 0.0051; Pos 1875(A): 0.0049; Pos 279(C): 0.0046; Pos 2052(T): 0.0042; Pos 1509(A): 0.0042; Pos 1947(A): 0.0040; Pos 2009(A): 0.0040; Pos 1404(T): 0.0038; Pos 183(G): 0.0038; Pos 726(A): 0.0038; Pos 2007(G): 0.0036; Pos 2027(C): 0.0036
EPI4198341,A/bear/USA/008597-002/2025,Nonhuman Mammal,E627K,1.739,AAA,0.0109,0.0027,0.0047,0.0035,Pos 1761(A): 0.0088; Pos 1875(A): 0.0061; Pos 1122(A): 0.0057; Pos 1515(A): 0.0057; Pos 1737(A): 0.0056; Pos 330(C): 0.0056; Pos 261(T): 0.0054; Pos 1880(A): 0.0047; Pos 1947(A): 0.0046; Pos 279(C): 0.0046; Pos 2043(A): 0.0045; Pos 1509(A): 0.0044; Pos 2052(T): 0.0041; Pos 1404(T): 0.0036; Pos 2082(T): 0.0036; Pos 1413(C): 0.0035; Pos 1881(A): 0.0035; Pos 1806(A): 0.0034; Pos 183(G): 0.0033; Pos 1950(A): 0.0031
EPI4149152,A/cat/USA/007151-004/2025,Nonhuman Mammal,E627K,1.6761,AAA,0.0109,0.0026,0.0053,0.0031,Pos 1761(A): 0.0089; Pos 690(A): 0.0084; Pos 1515(A): 0.0066; Pos 1737(A): 0.0065; Pos 261(T): 0.0062; Pos 1122(A): 0.0060; Pos 1875(A): 0.0057; Pos 330(C): 0.0057; Pos 1880(A): 0.0053; Pos 279(C): 0.0048; Pos 2043(A): 0.0047; Pos 1947(A): 0.0042; Pos 2052(T): 0.0042; Pos 1413(C): 0.0041; Pos 687(T): 0.0038; Pos 2009(A): 0.0038; Pos 1965(A): 0.0037; Pos 1520(A): 0.0036; Pos 2082(T): 0.0035; Pos 183(G): 0.0035
EPI4244207,A/cat/USA/010193-001/2025,Nonhuman Mammal,E627K,1.7169,AAA,0.0108,0.0021,0.0054,0.0033,Pos 1761(A): 0.0095; Pos 1515(A): 0.0071; Pos 1239(T): 0.0065; Pos 330(C): 0.0063; Pos 261(T): 0.0060; Pos 1737(A): 0.0060; Pos 1122(A): 0.0059; Pos 1880(A): 0.0054; Pos 1875(A): 0.0053; Pos 2052(T): 0.0047; Pos 1947(A): 0.0046; Pos 279(C): 0.0046; Pos 2043(A): 0.0045; Pos 1520(A): 0.0042; Pos 1413(C): 0.0040; Pos 2082(T): 0.0036; Pos 1750(A): 0.0035; Pos 2009(A): 0.0035; Pos 1509(A): 0.0035; Pos 1881(A): 0.0033
EPI4244215,A/cat/USA/010114-001/2025,Nonhuman Mammal,E627K,1.7425,AAA,0.0107,0.003,0.005,0.0027,Pos 1761(A): 0.0093; Pos 1122(A): 0.0066; Pos 330(C): 0.0066; Pos 261(T): 0.0063; Pos 1515(A): 0.0061; Pos 1737(A): 0.0059; Pos 1880(A): 0.0050; Pos 1875(A): 0.0049; Pos 279(C): 0.0046; Pos 2043(A): 0.0044; Pos 2052(T): 0.0042; Pos 1509(A): 0.0040; Pos 1947(A): 0.0039; Pos 2009(A): 0.0036; Pos 1520(A): 0.0035; Pos 2047(A): 0.0034; Pos 1824(A): 0.0033; Pos 1998(A): 0.0032; Pos 1983(C): 0.0032; Pos 899(A): 0.0031
EPI4255878,A/dairy cow/USA/006260-004/2025,Nonhuman Mammal,E627K,1.7242,AAA,0.0106,0.0028,0.0048,0.003,Pos 1761(A): 0.0097; Pos 1945(A): 0.0060; Pos 1737(A): 0.0056; Pos 261(T): 0.0053; Pos 1515(A): 0.0052; Pos 1875(A): 0.0050; Pos 1880(A): 0.0048; Pos 279(C): 0.0046; Pos 1092(T): 0.0046; Pos 540(A): 0.0044; Pos 1806(A): 0.0042; Pos 2043(A): 0.0040; Pos 1947(A): 0.0040; Pos 2052(T): 0.0036; Pos 1122(C): 0.0035; Pos 630(A): 0.0033; Pos 504(T): 0.0033; Pos 262(C): 0.0032; Pos 899(A): 0.0031; Pos 1803(G): 0.0031
EPI4226695,A/cat/USA/009022-007/2025,Nonhuman Mammal,E627K,1.7243,AAA,0.0105,0.0019,0.0056,0.003,Pos 1761(A): 0.0093; Pos 1041(A): 0.0072; Pos 330(C): 0.0070; Pos 2028(T): 0.0063; Pos 261(T): 0.0060; Pos 1737(A): 0.0059; Pos 1515(A): 0.0058; Pos 1122(A): 0.0057; Pos 1880(A): 0.0056; Pos 1875(A): 0.0048; Pos 1947(A): 0.0044; Pos 2052(T): 0.0043; Pos 2043(A): 0.0042; Pos 1509(A): 0.0042; Pos 279(C): 0.0040; Pos 2027(C): 0.0038; Pos 2009(A): 0.0037; Pos 771(A): 0.0037; Pos 2026(A): 0.0035; Pos 183(G): 0.0034
EPI4225605,A/dairy cow/USA/009058-002/2025,Nonhuman Mammal,E627K,1.7204,AAA,0.0105,0.0028,0.0052,0.0025,Pos 1761(A): 0.0112; Pos 1737(A): 0.0062; Pos 1945(A): 0.0060; Pos 261(T): 0.0059; Pos 1875(A): 0.0054; Pos 1515(A): 0.0053; Pos 1880(A): 0.0052; Pos 279(C): 0.0046; Pos 1092(T): 0.0044; Pos 2052(T): 0.0042; Pos 2043(A): 0.0041; Pos 540(A): 0.0040; Pos 1947(A): 0.0040; Pos 630(A): 0.0038; Pos 1520(A): 0.0034; Pos 1122(C): 0.0034; Pos 1905(T): 0.0033; Pos 1806(A): 0.0033; Pos 2047(A): 0.0032; Pos 1803(G): 0.0032
EPI4256595,A/skunk/USA/001850-001-R2/2025,Nonhuman Mammal,E627K,1.717,AAA,0.0102,0.0022,0.005,0.003,Pos 1761(A): 0.0094; Pos 1515(A): 0.0061; Pos 261(T): 0.0061; Pos 330(C): 0.0061; Pos 1122(A): 0.0060; Pos 1737(A): 0.0058; Pos 1875(A): 0.0052; Pos 1880(A): 0.0050; Pos 279(C): 0.0049; Pos 2043(A): 0.0044; Pos 2052(T): 0.0044; Pos 1509(A): 0.0042; Pos 1947(A): 0.0041; Pos 2009(A): 0.0038; Pos 1413(C): 0.0034; Pos 899(A): 0.0033; Pos 2047(A): 0.0033; Pos 1404(T): 0.0032; Pos 1990(A): 0.0031; Pos 1520(A): 0.0031
EPI4097480,A/cat/USA/005576-001/2025,Nonhuman Mammal,E627K,1.7145,AAA,0.0102,0.0011,0.0053,0.0038,Pos 1761(A): 0.0103; Pos 330(C): 0.0063; Pos 1875(A): 0.0061; Pos 1737(A): 0.0060; Pos 1122(A): 0.0060; Pos 261(T): 0.0059; Pos 1515(A): 0.0059; Pos 1880(A): 0.0053; Pos 1947(A): 0.0047; Pos 279(C): 0.0045; Pos 2052(T): 0.0042; Pos 2043(A): 0.0041; Pos 1509(A): 0.0039; Pos 1881(A): 0.0038; Pos 2009(A): 0.0037; Pos 1092(T): 0.0034; Pos 1806(A): 0.0034; Pos 504(T): 0.0033; Pos 1902(C): 0.0032; Pos 2047(A): 0.0032
EPI4196314,A/dairy cow/USA/007939-007/2025,Nonhuman Mammal,E627K,1.7281,AAA,0.0101,0.003,0.0044,0.0027,Pos 1761(A): 0.0104; Pos 1737(A): 0.0064; Pos 1945(A): 0.0060; Pos 1515(A): 0.0052; Pos 261(T): 0.0050; Pos 1092(T): 0.0047; Pos 2043(A): 0.0046; Pos 540(A): 0.0045; Pos 279(C): 0.0044; Pos 1880(A): 0.0044; Pos 1875(A): 0.0042; Pos 1122(C): 0.0042; Pos 2052(T): 0.0040; Pos 1806(A): 0.0039; Pos 1947(A): 0.0038; Pos 630(A): 0.0037; Pos 262(C): 0.0030; Pos 899(A): 0.0030; Pos 2047(A): 0.0030; Pos 1879(A): 0.0030
EPI4255830,A/dairy cow/USA/006276-001/2025,Nonhuman Mammal,E627K,1.7037,AAA,0.01,0.0026,0.0046,0.0028,Pos 1761(A): 0.0101; Pos 1945(A): 0.0064; Pos 1737(A): 0.0063; Pos 1515(A): 0.0052; Pos 261(T): 0.0052; Pos 1875(A): 0.0050; Pos 279(C): 0.0049; Pos 1880(A): 0.0046; Pos 1947(A): 0.0044; Pos 1092(T): 0.0044; Pos 540(A): 0.0044; Pos 2043(A): 0.0043; Pos 2052(T): 0.0039; Pos 1122(C): 0.0035; Pos 1806(A): 0.0035; Pos 1905(T): 0.0034; Pos 1803(G): 0.0033; Pos 899(A): 0.0033; Pos 1990(A): 0.0031; Pos 1983(C): 0.0031
EPI3316131,A/Striped_Skunk/BC/FAV-0091-1/2023,Nonhuman Mammal,E627K,1.7264,AAA,0.0099,0.0022,0.0052,0.0024,Pos 1761(A): 0.0096; Pos 1737(A): 0.0060; Pos 1515(A): 0.0056; Pos 1880(A): 0.0052; Pos 279(C): 0.0047; Pos 1035(A): 0.0046; Pos 1875(A): 0.0042; Pos 2043(A): 0.0040; Pos 645(G): 0.0039; Pos 1947(A): 0.0035; Pos 2052(T): 0.0034; Pos 1920(A): 0.0034; Pos 1806(A): 0.0034; Pos 1122(C): 0.0033; Pos 1932(A): 0.0031; Pos 660(T): 0.0031; Pos 2009(A): 0.0031; Pos 771(A): 0.0030; Pos 2047(A): 0.0029; Pos 330(C): 0.0029
EPI4597213,A/dairy cow/USA/020224-002/2025,Nonhuman Mammal,E627K,1.7281,AAA,0.0096,0.0017,0.0049,0.0031,Pos 1761(A): 0.0097; Pos 1945(A): 0.0066; Pos 1981(A): 0.0063; Pos 261(T): 0.0056; Pos 1515(A): 0.0055; Pos 1875(A): 0.0054; Pos 1737(A): 0.0054; Pos 279(C): 0.0052; Pos 1880(A): 0.0049; Pos 1092(T): 0.0048; Pos 2043(A): 0.0046; Pos 540(A): 0.0045; Pos 1122(C): 0.0043; Pos 1947(A): 0.0043; Pos 1806(A): 0.0039; Pos 2052(T): 0.0037; Pos 630(A): 0.0036; Pos 1520(A): 0.0035; Pos 1803(G): 0.0034; Pos 504(T): 0.0033
EPI4467389,A/dairy cow/USA/017501-003/2025,Nonhuman Mammal,E627K,1.721,AAA,0.0096,0.0023,0.0045,0.0029,Pos 1761(A): 0.0107; Pos 1945(A): 0.0064; Pos 1981(A): 0.0063; Pos 1737(A): 0.0059; Pos 261(T): 0.0059; Pos 1875(A): 0.0055; Pos 1515(A): 0.0053; Pos 1092(T): 0.0052; Pos 2043(A): 0.0049; Pos 540(A): 0.0045; Pos 1880(A): 0.0045; Pos 2052(T): 0.0044; Pos 279(C): 0.0043; Pos 1122(C): 0.0043; Pos 1947(A): 0.0039; Pos 1806(A): 0.0038; Pos 630(A): 0.0035; Pos 1998(A): 0.0034; Pos 1905(T): 0.0034; Pos 1520(A): 0.0033
EPI4452122,A/dairy cow/USA/017049-001/2025,Nonhuman Mammal,E627K,1.7095,AAA,0.0095,0.0022,0.0051,0.0022,Pos 1761(A): 0.0094; Pos 1945(A): 0.0065; Pos 1737(A): 0.0058; Pos 261(T): 0.0056; Pos 1515(A): 0.0056; Pos 1880(A): 0.0051; Pos 279(C): 0.0046; Pos 1875(A): 0.0045; Pos 1092(T): 0.0045; Pos 2043(A): 0.0045; Pos 1122(C): 0.0045; Pos 1947(A): 0.0043; Pos 540(A): 0.0040; Pos 2052(T): 0.0036; Pos 1806(A): 0.0036; Pos 2009(A): 0.0033; Pos 1905(T): 0.0033; Pos 630(A): 0.0033; Pos 262(C): 0.0032; Pos 2115(T): 0.0031
EPI4388822,A/dairy cow/USA/014327-005/2025,Nonhuman Mammal,E627K,1.7108,AAA,0.0095,0.0022,0.0044,0.0028,Pos 1761(A): 0.0099; Pos 1737(A): 0.0069; Pos 1945(A): 0.0062; Pos 1515(A): 0.0059; Pos 261(T): 0.0055; Pos 1875(A): 0.0050; Pos 2043(A): 0.0048; Pos 2052(T): 0.0046; Pos 1092(T): 0.0046; Pos 279(C): 0.0046; Pos 1880(A): 0.0044; Pos 630(A): 0.0043; Pos 540(A): 0.0043; Pos 1947(A): 0.0042; Pos 1122(C): 0.0037; Pos 1806(A): 0.0035; Pos 899(A): 0.0034; Pos 1905(T): 0.0034; Pos 1998(A): 0.0033; Pos 1520(A): 0.0033
EPI4148724,A/dairy cow/USA/007185-005/2025,Nonhuman Mammal,E627K,1.712,AAA,0.0094,0.0024,0.0047,0.0023,Pos 1761(A): 0.0106; Pos 1945(A): 0.0064; Pos 1515(A): 0.0055; Pos 261(T): 0.0053; Pos 1737(A): 0.0050; Pos 1092(T): 0.0048; Pos 279(C): 0.0048; Pos 1880(A): 0.0047; Pos 1875(A): 0.0046; Pos 2052(T): 0.0045; Pos 2043(A): 0.0042; Pos 540(A): 0.0041; Pos 1122(C): 0.0041; Pos 1947(A): 0.0040; Pos 1806(A): 0.0037; Pos 1905(T): 0.0034; Pos 909(G): 0.0032; Pos 630(A): 0.0032; Pos 1023(A): 0.0029; Pos 899(A): 0.0029
EPI3316595,A/Red_Fox/ON/FAV-0132-1/2023,Nonhuman Mammal,E627K,1.7116,AAA,0.0093,0.0017,0.0049,0.0027,Pos 1761(A): 0.0111; Pos 690(A): 0.0101; Pos 1737(A): 0.0082; Pos 330(C): 0.0072; Pos 2172(A): 0.0068; Pos 1014(T): 0.0065; Pos 1041(A): 0.0060; Pos 1515(A): 0.0057; Pos 1875(A): 0.0055; Pos 1747(T): 0.0050; Pos 1880(A): 0.0049; Pos 1947(A): 0.0045; Pos 1122(C): 0.0044; Pos 279(C): 0.0044; Pos 1748(T): 0.0043; Pos 2043(A): 0.0042; Pos 687(T): 0.0040; Pos 537(A): 0.0039; Pos 2052(T): 0.0039; Pos 1990(A): 0.0037
EPI4315245,A/cat/USA/009981-001-R2/2025,Nonhuman Mammal,E627K,1.7327,AAA,0.0092,0.0013,0.0052,0.0027,Pos 1761(A): 0.0095; Pos 330(C): 0.0087; Pos 261(T): 0.0055; Pos 1122(A): 0.0054; Pos 1737(A): 0.0052; Pos 1875(A): 0.0052; Pos 1515(A): 0.0052; Pos 1880(A): 0.0052; Pos 1947(A): 0.0045; Pos 2052(T): 0.0044; Pos 1509(A): 0.0043; Pos 2043(A): 0.0042; Pos 2009(A): 0.0040; Pos 1413(C): 0.0039; Pos 279(C): 0.0037; Pos 327(C): 0.0034; Pos 1983(C): 0.0033; Pos 726(A): 0.0033; Pos 1520(A): 0.0032; Pos 1023(A): 0.0031
EPI2182108,A/red fox/North Dakota/22-017354-001/2022,Nonhuman Mammal,E627K,1.7235,AAA,0.0092,0.0027,0.0041,0.0024,Pos 1761(A): 0.0102; Pos 1737(A): 0.0061; Pos 1875(A): 0.0050; Pos 1035(A): 0.0047; Pos 279(C): 0.0046; Pos 1515(A): 0.0045; Pos 2043(A): 0.0044; Pos 1880(A): 0.0041; Pos 1947(A): 0.0040; Pos 2052(T): 0.0039; Pos 645(G): 0.0036; Pos 1983(C): 0.0034; Pos 705(T): 0.0034; Pos 1122(C): 0.0033; Pos 1806(A): 0.0033; Pos 330(C): 0.0032; Pos 1920(A): 0.0031; Pos 1578(A): 0.0030; Pos 246(C): 0.0030; Pos 342(A): 0.0030
EPI4314747,A/dairy cow/USA/012089-005/2025,Nonhuman Mammal,E627K,1.705,AAA,0.0091,0.0016,0.0043,0.0032,Pos 1761(A): 0.0101; Pos 1945(A): 0.0061; Pos 1737(A): 0.0060; Pos 1875(A): 0.0056; Pos 261(T): 0.0054; Pos 1515(A): 0.0053; Pos 1092(T): 0.0044; Pos 2052(T): 0.0044; Pos 1880(A): 0.0043; Pos 279(C): 0.0043; Pos 540(A): 0.0042; Pos 2043(A): 0.0041; Pos 1947(A): 0.0040; Pos 1806(A): 0.0039; Pos 1122(C): 0.0036; Pos 630(A): 0.0033; Pos 1905(T): 0.0032; Pos 1803(G): 0.0032; Pos 1881(A): 0.0032; Pos 909(G): 0.0032
EPI4451982,A/dairy cow/USA/017377-003/2025,Nonhuman Mammal,E627K,1.6943,AAA,0.009,0.0013,0.0046,0.0032,Pos 1761(A): 0.0104; Pos 1945(A): 0.0068; Pos 1737(A): 0.0062; Pos 1981(A): 0.0060; Pos 261(T): 0.0058; Pos 279(C): 0.0052; Pos 1875(A): 0.0048; Pos 1092(T): 0.0047; Pos 1880(A): 0.0046; Pos 2052(T): 0.0044; Pos 1806(A): 0.0043; Pos 1515(A): 0.0043; Pos 2043(A): 0.0043; Pos 1947(A): 0.0039; Pos 540(A): 0.0038; Pos 1905(T): 0.0037; Pos 1998(A): 0.0037; Pos 909(G): 0.0035; Pos 1122(C): 0.0034; Pos 630(A): 0.0034
EPI2260627,A/striped skunk/Idaho/22-037165-002/2022,Nonhuman Mammal,E627K,1.7213,AAA,0.0089,0.0023,0.0038,0.0028,Pos 1761(A): 0.0100; Pos 1737(A): 0.0061; Pos 1515(A): 0.0053; Pos 1035(A): 0.0049; Pos 1875(A): 0.0048; Pos 2043(A): 0.0047; Pos 2052(T): 0.0042; Pos 279(C): 0.0042; Pos 1880(A): 0.0038; Pos 705(T): 0.0037; Pos 645(G): 0.0036; Pos 330(C): 0.0035; Pos 1122(C): 0.0034; Pos 262(C): 0.0034; Pos 1520(A): 0.0033; Pos 1947(A): 0.0032; Pos 2009(A): 0.0031; Pos 2016(A): 0.0031; Pos 660(T): 0.0031; Pos 246(C): 0.0030
EPI2260731,A/black bear/Alaska/22-036396-001/2022,Nonhuman Mammal,E627K,1.7429,AAA,0.0088,0.002,0.004,0.0029,Pos 1761(A): 0.0101; Pos 330(C): 0.0068; Pos 1515(A): 0.0059; Pos 1737(A): 0.0055; Pos 2043(A): 0.0051; Pos 1092(T): 0.0051; Pos 261(T): 0.0048; Pos 1875(A): 0.0047; Pos 279(C): 0.0045; Pos 909(G): 0.0043; Pos 1947(A): 0.0042; Pos 1880(A): 0.0040; Pos 2052(T): 0.0040; Pos 891(C): 0.0036; Pos 1806(A): 0.0035; Pos 1998(A): 0.0032; Pos 2009(A): 0.0032; Pos 532(T): 0.0030; Pos 1881(A): 0.0029; Pos 1902(C): 0.0028
EPI4378575,A/Ostrich/Sonora/CPA-00009-25/2025,Nonhuman Mammal,E627K,1.5398,AAA,0.0084,0.0019,0.0019,0.0046,Pos 291(A): 0.0141; Pos 1971(T): 0.0125; Pos 960(C): 0.0092; Pos 2121(A): 0.0086; Pos 1988(A): 0.0085; Pos 1979(A): 0.0084; Pos 1485(A): 0.0082; Pos 592(A): 0.0081; Pos 1964(T): 0.0079; Pos 1127(A): 0.0078; Pos 1996(A): 0.0076; Pos 1984(A): 0.0076; Pos 1972(T): 0.0075; Pos 1995(C): 0.0073; Pos 1721(A): 0.0070; Pos 1998(A): 0.0070; Pos 1969(A): 0.0069; Pos 591(A): 0.0068; Pos 1962(A): 0.0065; Pos 1011(A): 0.0064
EPI3312846,A/Striped_Skunk/AB/FAV-1655-3/2022,Nonhuman Mammal,E627K,1.72,AAA,0.0083,0.0019,0.004,0.0024,Pos 1761(A): 0.0096; Pos 1737(A): 0.0065; Pos 1515(A): 0.0051; Pos 1035(A): 0.0048; Pos 2043(A): 0.0048; Pos 1875(A): 0.0047; Pos 1880(A): 0.0040; Pos 279(C): 0.0039; Pos 1122(C): 0.0038; Pos 2052(T): 0.0038; Pos 1947(A): 0.0038; Pos 330(C): 0.0037; Pos 2121(A): 0.0037; Pos 1806(A): 0.0037; Pos 645(G): 0.0036; Pos 246(C): 0.0035; Pos 705(T): 0.0034; Pos 1920(A): 0.0033; Pos 1578(A): 0.0033; Pos 2016(A): 0.0032
EPI2182124,A/red fox/Michigan/22-018712-001/2022,Nonhuman Mammal,E627K,1.7143,AAA,0.0083,0.002,0.0041,0.0022,Pos 1761(A): 0.0101; Pos 1737(A): 0.0061; Pos 1035(A): 0.0051; Pos 1515(A): 0.0050; Pos 1875(A): 0.0047; Pos 2052(T): 0.0045; Pos 2043(A): 0.0042; Pos 1880(A): 0.0041; Pos 279(C): 0.0038; Pos 645(G): 0.0036; Pos 1947(A): 0.0035; Pos 1122(C): 0.0035; Pos 1806(A): 0.0033; Pos 330(C): 0.0032; Pos 2009(A): 0.0032; Pos 771(A): 0.0032; Pos 705(T): 0.0032; Pos 1578(A): 0.0031; Pos 2047(A): 0.0031; Pos 1029(A): 0.0031
EPI4090678,A/Red_Fox/QC/FAV-0099-2/2024,Nonhuman Mammal,E627K,1.7218,AAA,0.0079,0.0022,0.0032,0.0024,Pos 1761(A): 0.0098; Pos 1737(A): 0.0064; Pos 1035(A): 0.0051; Pos 1875(A): 0.0043; Pos 1515(A): 0.0043; Pos 2052(T): 0.0043; Pos 279(C): 0.0039; Pos 2043(A): 0.0038; Pos 1947(A): 0.0035; Pos 645(G): 0.0035; Pos 705(T): 0.0034; Pos 1122(C): 0.0033; Pos 1806(A): 0.0033; Pos 1880(A): 0.0032; Pos 330(C): 0.0032; Pos 891(C): 0.0031; Pos 1920(A): 0.0031; Pos 1578(A): 0.0029; Pos 2009(A): 0.0029; Pos 2121(A): 0.0029
EPI2506834,A/harbor seal/Maine/MME-185-L/2022,Nonhuman Mammal,E627K,1.7244,AAA,0.005,-0.0005,0.0018,0.0037,Pos 690(A): 0.0094; Pos 1983(A): 0.0092; Pos 1512(A): 0.0082; Pos 1494(T): 0.0070; Pos 1713(A): 0.0065; Pos 1008(A): 0.0060; Pos 1398(T): 0.0057; Pos 1950(A): 0.0055; Pos 1497(T): 0.0054; Pos 1954(A): 0.0053; Pos 1698(A): 0.0050; Pos 699(C): 0.0049; Pos 1596(A): 0.0047; Pos 1569(A): 0.0046; Pos 1122(A): 0.0046; Pos 1872(A): 0.0045; Pos 1955(A): 0.0044; Pos 1491(T): 0.0044; Pos 126(C): 0.0043; Pos 1875(A): 0.0042
EPI2506858,A/harbor seal/Maine/MME-185-ns/2022,Nonhuman Mammal,E627K,1.7308,AAA,0.0049,-0.0005,0.0019,0.0034,Pos 690(A): 0.0096; Pos 1983(A): 0.0092; Pos 1512(A): 0.0078; Pos 1494(T): 0.0074; Pos 1713(A): 0.0067; Pos 1008(A): 0.0061; Pos 1950(A): 0.0056; Pos 1491(T): 0.0049; Pos 1954(A): 0.0049; Pos 1398(T): 0.0049; Pos 1497(T): 0.0049; Pos 699(C): 0.0048; Pos 1698(A): 0.0046; Pos 1596(A): 0.0046; Pos 1504(T): 0.0045; Pos 1984(A): 0.0045; Pos 1569(A): 0.0045; Pos 1731(T): 0.0044; Pos 1955(A): 0.0044; Pos 2154(A): 0.0043
EPI2236289,A/Red Fox/ON/FAV-0558-01/2022,Nonhuman Mammal,E627K,1.6924,AAA,0.0044,0.0033,0.0002,0.001,Pos 1524(A): 0.0093; Pos 1737(A): 0.0087; Pos 1998(A): 0.0077; Pos 1758(A): 0.0074; Pos 1756(A): 0.0073; Pos 1761(A): 0.0066; Pos 1757(A): 0.0065; Pos 447(A): 0.0063; Pos 702(A): 0.0060; Pos 1987(A): 0.0060; Pos 342(A): 0.0053; Pos 1695(A): 0.0051; Pos 1528(A): 0.0050; Pos 1721(A): 0.0049; Pos 2031(A): 0.0048; Pos 1008(A): 0.0048; Pos 291(A): 0.0044; Pos 337(A): 0.0043; Pos 393(T): 0.0040; Pos 1747(C): 0.0040
EPI2500046,A/Red Fox/PEI/FAV-0544-P1/2022,Nonhuman Mammal,E627K,1.7212,AAA,0.0034,-0.0001,0.0006,0.0029,Pos 1983(A): 0.0092; Pos 690(A): 0.0086; Pos 1719(C): 0.0069; Pos 1998(A): 0.0069; Pos 1491(T): 0.0068; Pos 1761(A): 0.0066; Pos 1512(A): 0.0065; Pos 1494(T): 0.0057; Pos 435(T): 0.0056; Pos 1008(A): 0.0054; Pos 1528(A): 0.0053; Pos 2000(T): 0.0053; Pos 711(A): 0.0053; Pos 1723(A): 0.0051; Pos 1721(A): 0.0051; Pos 699(C): 0.0050; Pos 1730(T): 0.0044; Pos 1128(A): 0.0043; Pos 1236(G): 0.0042; Pos 2040(T): 0.0042
EPI4100651,A/bobcat/Kansas/W24-1062/2024,Nonhuman Mammal,E627K,1.6838,AAA,0.0024,0.0002,0.0008,0.0014,Pos 1806(A): 0.0091; Pos 1998(A): 0.0071; Pos 1737(A): 0.0068; Pos 1488(A): 0.0065; Pos 1761(A): 0.0052; Pos 1008(A): 0.0051; Pos 1557(C): 0.0051; Pos 711(A): 0.0050; Pos 1987(A): 0.0048; Pos 1721(A): 0.0047; Pos 1962(A): 0.0047; Pos 342(A): 0.0046; Pos 1122(A): 0.0046; Pos 1515(A): 0.0043; Pos 1740(C): 0.0043; Pos 291(A): 0.0042; Pos 1747(C): 0.0040; Pos 1128(A): 0.0038; Pos 2089(T): 0.0038; Pos 1578(A): 0.0037
EPI3433436,A/Raccoon/NS/FAV-0079-1/2024,Nonhuman Mammal,E627K,1.7873,AAA,0.0005,-0.0054,0.0035,0.0025,Pos 330(C): 0.0085; Pos 1992(A): 0.0079; Pos 2046(A): 0.0075; Pos 1755(C): 0.0060; Pos 1122(A): 0.0054; Pos 2115(A): 0.0054; Pos 1875(A): 0.0052; Pos 2016(A): 0.0051; Pos 426(C): 0.0049; Pos 405(T): 0.0048; Pos 504(T): 0.0044; Pos 1209(T): 0.0044; Pos 430(A): 0.0044; Pos 1533(A): 0.0043; Pos 1905(T): 0.0038; Pos 693(A): 0.0038; Pos 1998(A): 0.0037; Pos 1983(A): 0.0036; Pos 1036(A): 0.0036; Pos 1880(A): 0.0035
EPI3433468,A/Striped_Skunk/PEI/FAV-0111-1/2024,Nonhuman Mammal,E627K,1.788,AAA,0.0003,-0.0054,0.0032,0.0024,Pos 330(C): 0.0095; Pos 2046(A): 0.0075; Pos 1755(C): 0.0065; Pos 405(T): 0.0056; Pos 1875(A): 0.0056; Pos 504(T): 0.0054; Pos 2115(A): 0.0052; Pos 1992(A): 0.0050; Pos 1122(A): 0.0049; Pos 1533(A): 0.0046; Pos 2016(A): 0.0045; Pos 426(C): 0.0042; Pos 1989(A): 0.0042; Pos 1905(T): 0.0039; Pos 1523(T): 0.0038; Pos 1209(T): 0.0038; Pos 1983(A): 0.0038; Pos 430(A): 0.0037; Pos 1932(A): 0.0037; Pos 1440(C): 0.0037
EPI3309052,A/Red_Fox/QC/FAV-0836-13/2022,Nonhuman Mammal,E627K,1.7367,AAA,0.0001,-0.0065,0.0037,0.0029,Pos 1761(A): 0.0101; Pos 261(T): 0.0069; Pos 1122(A): 0.0060; Pos 1875(A): 0.0059; Pos 1512(A): 0.0055; Pos 699(C): 0.0049; Pos 1524(A): 0.0047; Pos 1884(G): 0.0044; Pos 690(A): 0.0043; Pos 1737(T): 0.0040; Pos 1995(C): 0.0039; Pos 1038(C): 0.0038; Pos 501(T): 0.0038; Pos 426(C): 0.0038; Pos 1880(A): 0.0037; Pos 1398(T): 0.0037; Pos 1983(A): 0.0036; Pos 840(A): 0.0035; Pos 1738(T): 0.0035; Pos 705(T): 0.0034
EPI4497258,A/Red_Fox/NS/FAV-0171-1/2025,Nonhuman Mammal,E627K,1.8006,AAA,-0.0001,-0.0055,0.0032,0.0022,Pos 330(C): 0.0083; Pos 1992(A): 0.0071; Pos 2046(A): 0.0067; Pos 1755(C): 0.0062; Pos 504(T): 0.0059; Pos 1875(A): 0.0057; Pos 1122(A): 0.0057; Pos 1209(T): 0.0053; Pos 405(T): 0.0052; Pos 2115(A): 0.0052; Pos 426(C): 0.0048; Pos 430(A): 0.0045; Pos 1533(A): 0.0045; Pos 693(A): 0.0044; Pos 2016(A): 0.0043; Pos 1905(T): 0.0036; Pos 1029(A): 0.0035; Pos 1707(A): 0.0034; Pos 1036(A): 0.0033; Pos 2265(A): 0.0033
EPI3308524,A/Harbor_Seal/QC/FAV-0836-8/2022,Nonhuman Mammal,E627K,1.741,AAA,-0.0003,-0.0063,0.0035,0.0025,Pos 1761(A): 0.0093; Pos 261(T): 0.0073; Pos 1122(A): 0.0063; Pos 1875(A): 0.0061; Pos 699(C): 0.0058; Pos 1512(A): 0.0058; Pos 1398(T): 0.0044; Pos 1884(G): 0.0042; Pos 1038(C): 0.0041; Pos 705(T): 0.0041; Pos 1995(C): 0.0040; Pos 690(A): 0.0040; Pos 840(A): 0.0038; Pos 1524(A): 0.0038; Pos 1740(T): 0.0037; Pos 1983(A): 0.0037; Pos 501(T): 0.0036; Pos 1707(A): 0.0036; Pos 897(A): 0.0036; Pos 1880(A): 0.0035
EPI4587024,A/harbor seal/USA/019393-002/2025,Nonhuman Mammal,E627K,1.7227,AAA,-0.0003,-0.0054,0.0028,0.0023,Pos 1761(A): 0.0088; Pos 330(C): 0.0064; Pos 1515(A): 0.0064; Pos 261(T): 0.0064; Pos 1122(A): 0.0058; Pos 2043(A): 0.0055; Pos 1737(A): 0.0053; Pos 1875(A): 0.0050; Pos 2052(T): 0.0045; Pos 1947(A): 0.0044; Pos 279(C): 0.0043; Pos 1520(A): 0.0041; Pos 2009(A): 0.0037; Pos 1509(A): 0.0036; Pos 1413(C): 0.0035; Pos 1965(A): 0.0034; Pos 183(G): 0.0034; Pos 2082(T): 0.0033; Pos 1950(A): 0.0032; Pos 1824(A): 0.0031
EPI3433444,A/Raccoon/PEI/FAV-0093-1/2024,Nonhuman Mammal,E627K,1.7777,AAA,-0.0007,-0.0052,0.0024,0.002,Pos 330(C): 0.0091; Pos 1992(A): 0.0076; Pos 2046(A): 0.0073; Pos 1755(C): 0.0067; Pos 504(T): 0.0055; Pos 2115(A): 0.0053; Pos 1875(A): 0.0046; Pos 405(T): 0.0046; Pos 1122(A): 0.0045; Pos 1533(A): 0.0044; Pos 1209(T): 0.0043; Pos 1523(T): 0.0041; Pos 2016(A): 0.0039; Pos 426(C): 0.0039; Pos 430(A): 0.0039; Pos 327(C): 0.0037; Pos 693(A): 0.0037; Pos 1983(A): 0.0037; Pos 1932(A): 0.0036; Pos 1036(A): 0.0036
EPI4094574,A/Striped_Skunk/PE/FAV-0113-1/2024,Nonhuman Mammal,E627K,1.7262,AAA,-0.0007,-0.0069,0.0036,0.0026,Pos 1761(A): 0.0097; Pos 261(T): 0.0076; Pos 1122(A): 0.0072; Pos 1875(A): 0.0062; Pos 699(C): 0.0060; Pos 1512(A): 0.0058; Pos 1983(A): 0.0052; Pos 1524(A): 0.0048; Pos 1239(T): 0.0048; Pos 690(A): 0.0048; Pos 1038(C): 0.0043; Pos 1398(T): 0.0043; Pos 1884(G): 0.0043; Pos 1440(C): 0.0042; Pos 705(T): 0.0041; Pos 1995(C): 0.0040; Pos 426(C): 0.0040; Pos 1533(A): 0.0037; Pos 1737(T): 0.0037; Pos 501(T): 0.0037
EPI2876069,A/Raccoon/PEI/FAV-0199-1/2023,Nonhuman Mammal,E627K,1.7918,AAA,-0.0008,-0.0062,0.003,0.0024,Pos 330(C): 0.0093; Pos 1992(A): 0.0071; Pos 2046(A): 0.0065; Pos 1875(A): 0.0058; Pos 1755(C): 0.0055; Pos 1122(A): 0.0054; Pos 1209(T): 0.0053; Pos 426(C): 0.0051; Pos 2115(A): 0.0049; Pos 504(T): 0.0049; Pos 405(T): 0.0049; Pos 430(A): 0.0043; Pos 2016(A): 0.0041; Pos 1533(A): 0.0039; Pos 2121(A): 0.0038; Pos 693(A): 0.0038; Pos 1884(G): 0.0037; Pos 1905(T): 0.0036; Pos 1440(C): 0.0035; Pos 1932(A): 0.0033
EPI4018949,A/Red_Fox/NS/FAV-0183-1/2024,Nonhuman Mammal,E627K,1.8024,AAA,-0.0012,-0.0059,0.0028,0.0019,Pos 330(C): 0.0085; Pos 1992(A): 0.0071; Pos 1755(C): 0.0065; Pos 2046(A): 0.0065; Pos 2115(A): 0.0058; Pos 1122(A): 0.0052; Pos 1875(A): 0.0052; Pos 405(T): 0.0050; Pos 504(T): 0.0047; Pos 2016(A): 0.0046; Pos 1533(A): 0.0045; Pos 693(A): 0.0043; Pos 1209(T): 0.0043; Pos 426(C): 0.0043; Pos 430(A): 0.0036; Pos 1806(A): 0.0036; Pos 2265(A): 0.0035; Pos 1932(A): 0.0035; Pos 1884(G): 0.0035; Pos 1440(C): 0.0035
EPI3433476,A/Striped_Skunk/PEI/FAV-0130-1/2024,Nonhuman Mammal,E627K,1.7988,AAA,-0.0013,-0.006,0.0028,0.002,Pos 330(C): 0.0086; Pos 1992(A): 0.0073; Pos 2046(A): 0.0065; Pos 1122(A): 0.0060; Pos 2115(A): 0.0059; Pos 1755(C): 0.0059; Pos 1875(A): 0.0055; Pos 405(T): 0.0053; Pos 504(T): 0.0048; Pos 426(C): 0.0046; Pos 1209(T): 0.0045; Pos 1884(G): 0.0044; Pos 2016(A): 0.0042; Pos 1533(A): 0.0040; Pos 693(A): 0.0039; Pos 430(A): 0.0038; Pos 1036(A): 0.0036; Pos 2265(A): 0.0035; Pos 2121(A): 0.0033; Pos 501(T): 0.0033
EPI2876077,A/Striped_Skunk/PEI/FAV-0210-1/2023,Nonhuman Mammal,E627K,1.7892,AAA,-0.0014,-0.0067,0.0029,0.0024,Pos 330(C): 0.0092; Pos 2046(A): 0.0072; Pos 1992(A): 0.0069; Pos 1755(C): 0.0064; Pos 1875(A): 0.0057; Pos 1122(A): 0.0050; Pos 2115(A): 0.0048; Pos 2016(A): 0.0048; Pos 1209(T): 0.0044; Pos 405(T): 0.0044; Pos 504(T): 0.0043; Pos 426(C): 0.0041; Pos 430(A): 0.0040; Pos 1533(A): 0.0040; Pos 1884(G): 0.0037; Pos 1998(A): 0.0037; Pos 1905(T): 0.0036; Pos 1440(C): 0.0035; Pos 1029(A): 0.0035; Pos 549(A): 0.0033
EPI2110498,A/harbor seal/Maine/22-020983-002/2022,Nonhuman Mammal,E627K,1.7206,AAA,-0.0031,-0.0082,0.0031,0.002,Pos 1761(A): 0.0111; Pos 261(T): 0.0087; Pos 1122(A): 0.0065; Pos 699(C): 0.0057; Pos 1875(A): 0.0056; Pos 1512(A): 0.0054; Pos 1884(G): 0.0054; Pos 1398(T): 0.0048; Pos 840(A): 0.0045; Pos 1983(A): 0.0045; Pos 690(A): 0.0042; Pos 426(C): 0.0042; Pos 1440(C): 0.0042; Pos 1995(C): 0.0042; Pos 1524(A): 0.0041; Pos 897(A): 0.0041; Pos 1738(T): 0.0040; Pos 705(T): 0.0039; Pos 1038(C): 0.0039; Pos 1740(T): 0.0038
