,Isolate_Name,NCBI_Accession,1_PB2_ID,host,serotype,country,mutations,Publication
0,A/Hangzhou/1/2013,AGK84850,KF001507,Human,H7N9,China,E627K,https://doi.org/10.1099/vir.0.061721-0
1,A/Hangzhou/2/2013,AGK84856,KF001512,Human,H7N9,China,E627K,https://doi.org/10.1099/vir.0.061721-0
2,A/Hangzhou/3/2013,AGK84859,KF001515,Human,H7N9,China,E627K,https://doi.org/10.1099/vir.0.061721-0
3,A/Jiangsu/1/2013,AGO51410,KF226120,Human,H7N9,China,,https://doi.org/10.1099/vir.0.061721-0
4,A/Jiangsu/2/2013,AGO51398,KF226112,Human,H7N9,China,,https://doi.org/10.1099/vir.0.061721-0
5,A/Nanchang/1/2013,AGO51442,KF277196,Human,H7N9,China,E627K,https://doi.org/10.1099/vir.0.061721-0
6,A/Nanjing/1/2013,AGJ73498,KC896771,Human,H7N9,China,,https://doi.org/10.1099/vir.0.061721-0
7,A/Shanghai/02/2013,AGL44433,KF021594,Human,H7N9,China,E627K,https://doi.org/10.1099/vir.0.061721-0
8,A/Shanghai/4664T/2013,AGI60293,KC853229,Human,H7N9,China,E627K,https://doi.org/10.1099/vir.0.061721-0
9,A/Wuxi/1/2013,AGN69469,KF034908,Human,H7N9,China,E627K,https://doi.org/10.1099/vir.0.061721-0
10,A/Wuxi/2/2013,AGN69457,KF034916,Human,H7N9,China,E627K,https://doi.org/10.1099/vir.0.061721-0
11,A/Zhejiang/DTID-ZJU01/2013,AGJ51961,KC885962,Human,H7N9,China,,https://doi.org/10.1099/vir.0.061721-0
12,A/Zhejiang/HZ1/2013,AGM16245,KF055472,Human,H7N9,China,E627K,https://doi.org/10.1099/vir.0.061721-0
13,A/Environment/Shandong/1/2013,,EPI447651,Enviroment,H7N9,China,,https://doi.org/10.2807/1560-7917.ES2014.19.25.20836
14,A/Guangxi/08309/2014,,EPI509144,Human,H7N9,China,E627K,https://doi.org/10.2807/1560-7917.ES2014.19.25.20836
15,A/Guangxi/08971/2014,,EPI509143,Human,H7N9,China,E627K,https://doi.org/10.2807/1560-7917.ES2014.19.25.20836
16,A/Guangxi/08970/2014,,EPI509128,Human,H7N9,China,E627K,https://doi.org/10.2807/1560-7917.ES2014.19.25.20836
17,A/Hebei/01/2013,,EPI509127,Human,H7N9,China,E627K,https://doi.org/10.2807/1560-7917.ES2014.19.25.20836
18,A/Fujian/05/2013,,EPI509112,Human,H7N9,China,,https://doi.org/10.2807/1560-7917.ES2014.19.25.20836
19,A/Fujian/03/2013,,EPI509095,Human,H7N9,China,E627K,https://doi.org/10.2807/1560-7917.ES2014.19.25.20836
20,A/Fujian/02/2013,,EPI509094,Human,H7N9,China,E627K,https://doi.org/10.2807/1560-7917.ES2014.19.25.20836
21,A/Beijing/02/2013,,EPI509078,Human,H7N9,China,,https://doi.org/10.2807/1560-7917.ES2014.19.25.20836
22,A/Henan/02/2013,,EPI509055,Human,H7N9,China,E627K,https://doi.org/10.2807/1560-7917.ES2014.19.25.20836
23,A/Hunan/0070A/2013,,EPI457439,Human,H7N9,China,E627K,https://doi.org/10.2807/1560-7917.ES2014.19.25.20836
24,A/Shandong/0068A/2013,,EPI457430,Human,H7N9,China,E627K,https://doi.org/10.2807/1560-7917.ES2014.19.25.20836
25,A/Anhui/03/2013,,EPI447637,Human,H7N9,China,E627K,https://doi.org/10.2807/1560-7917.ES2014.19.25.20836
26,A/Anhui/02/2013,,EPI447644,Human,H7N9,China,E627K,https://doi.org/10.2807/1560-7917.ES2014.19.25.20836
27,A/Jiangsu/09/2013,,EPI447658,Human,H7N9,China,E627K,https://doi.org/10.2807/1560-7917.ES2014.19.25.20836
28,A/Jiangsu/08/2013,,EPI447665,Human,H7N9,China,,https://doi.org/10.2807/1560-7917.ES2014.19.25.20836
29,A/Jiangsu/07/2013,,EPI447672,Human,H7N9,China,E627K,https://doi.org/10.2807/1560-7917.ES2014.19.25.20836
30,A/Jiangsu/06/2013,,EPI447679,Human,H7N9,China,,https://doi.org/10.2807/1560-7917.ES2014.19.25.20836
31,A/Jiangsu/05/2013,,EPI447686,Human,H7N9,China,,https://doi.org/10.2807/1560-7917.ES2014.19.25.20836
32,A/Hunan/02/2013,,EPI447693,Human,H7N9,China,,https://doi.org/10.2807/1560-7917.ES2014.19.25.20836
33,A/Hunan/01/2013,,EPI447700,Human,H7N9,China,E627K,https://doi.org/10.2807/1560-7917.ES2014.19.25.20836
34,A/Jiangxi/01/2013,,EPI447707,Human,H7N9,China,E627K,https://doi.org/10.2807/1560-7917.ES2014.19.25.20836
35,A/Fujian/01/2013,,EPI447714,Human,H7N9,China,E627K,https://doi.org/10.2807/1560-7917.ES2014.19.25.20836
36,A/Shandong/01/2013,,EPI447721,Human,H7N9,China,E627K,https://doi.org/10.2807/1560-7917.ES2014.19.25.20836
37,A/Henan/01/2013,,EPI447728,Human,H7N9,China,E627K,https://doi.org/10.2807/1560-7917.ES2014.19.25.20836
38,A/Shanghai/16/2013,,EPI447735,Human,H7N9,China,E627K,https://doi.org/10.2807/1560-7917.ES2014.19.25.20836
39,A/Shanghai/15/2013,,EPI447742,Human,H7N9,China,E627K,https://doi.org/10.2807/1560-7917.ES2014.19.25.20836
40,A/Zhejiang/02/2013,,EPI447749,Human,H7N9,China,,https://doi.org/10.2807/1560-7917.ES2014.19.25.20836
41,A/Shanghai/9/2013,,EPI447756,Human,H7N9,China,,https://doi.org/10.2807/1560-7917.ES2014.19.25.20836
42,A/Shanghai/8/2013,,EPI447763,Human,H7N9,China,E627K,https://doi.org/10.2807/1560-7917.ES2014.19.25.20836
43,A/Shanghai/17/2013,,EPI447770,Human,H7N9,China,E627K,https://doi.org/10.2807/1560-7917.ES2014.19.25.20836
44,A/Shanghai/14/2013,,EPI447778,Human,H7N9,China,E627K,https://doi.org/10.2807/1560-7917.ES2014.19.25.20836
45,A/Shanghai/13/2013,,EPI447785,Human,H7N9,China,E627K,https://doi.org/10.2807/1560-7917.ES2014.19.25.20836
46,A/Shanghai/12/2013,,EPI447794,Human,H7N9,China,E627K,https://doi.org/10.2807/1560-7917.ES2014.19.25.20836
47,A/Shanghai/11/2013,,EPI447802,Human,H7N9,China,E627K,https://doi.org/10.2807/1560-7917.ES2014.19.25.20836
48,A/Shanghai/10/2013,,EPI447810,Human,H7N9,China,E627K,https://doi.org/10.2807/1560-7917.ES2014.19.25.20836
49,A/Beijing/01-A/2013,,EPI447837,Human,H7N9,China,,https://doi.org/10.2807/1560-7917.ES2014.19.25.20836
50,A/Jiangsu/04/2013,,EPI447852,Human,H7N9,China,E627K,https://doi.org/10.2807/1560-7917.ES2014.19.25.20836
51,A/jiangsu/03/2013,,EPI447865,Human,H7N9,China,,https://doi.org/10.2807/1560-7917.ES2014.19.25.20836
52,A/Jiangsu/02/2013,,EPI447877,Human,H7N9,China,E627K,https://doi.org/10.2807/1560-7917.ES2014.19.25.20836
53,A/Shanghai/07/2013,,EPI447898,Human,H7N9,China,,https://doi.org/10.2807/1560-7917.ES2014.19.25.20836
54,A/shanghai/05/2013,,EPI447911,Human,H7N9,China,,https://doi.org/10.2807/1560-7917.ES2014.19.25.20836
55,A/Jiangsu/01/2013,,EPI447922,Human,H7N9,China,,https://doi.org/10.2807/1560-7917.ES2014.19.25.20836
56,A/Zhejiang/01/2013,,EPI447944,Human,H7N9,China,E627K,https://doi.org/10.2807/1560-7917.ES2014.19.25.20836
57,A/Shanghai/4/2013,,EPI447951,Human,H7N9,China,,https://doi.org/10.2807/1560-7917.ES2014.19.25.20836
58,A/Shanghai/3/2013,,EPI447961,Human,H7N9,China,E627K,https://doi.org/10.2807/1560-7917.ES2014.19.25.20836
59,A/Anhui/1/2013,,EPI439504,Human,H7N9,China,E627K,https://doi.org/10.2807/1560-7917.ES2014.19.25.20836
60,A/Shanghai/2/2013,,EPI439495,Human,H7N9,China,E627K,https://doi.org/10.2807/1560-7917.ES2014.19.25.20836
61,A/Shanghai/1/2013,,EPI439488,Human,H7N9,China,E627K,https://doi.org/10.2807/1560-7917.ES2014.19.25.20836
62,A/chicken/Anhui-Chuzhou/01/2013,,EPI447890,Avian,H7N9,China,,https://doi.org/10.2807/1560-7917.ES2014.19.25.20836
